Timestamp,I_A (A),I_B (A),I_C (A),V_A (kV),V_B (kV),V_C (kV),Fault_Type
2025-01-01 00:00:00,558.2072126903406,558.2072126903406,558.2072126903406,230,0,0,Normal
2025-01-01 00:10:00,647.7973337352656,647.7973337352656,647.7973337352656,230,0,0,Normal
2025-01-01 00:20:00,0.0,0.0,0.0,230,230,230,Open Circuit
2025-01-01 00:30:00,0.0,0.0,0.0,230,0,230,Open Circuit
2025-01-01 00:40:00,574.3357850315293,0.0,0.0,230,230,0,Normal
2025-01-01 00:50:00,532.4849420971425,532.4849420971425,0.0,230,230,230,Normal
2025-01-01 01:00:00,609.5675243613158,609.5675243613158,609.5675243613158,230,230,0,Normal
2025-01-01 01:10:00,675.7197597006653,675.7197597006653,0.0,0,0,0,Normal
2025-01-01 01:20:00,678.4971092441183,0.0,0.0,230,0,0,Normal
2025-01-01 01:30:00,677.2946058523033,677.2946058523033,677.2946058523033,230,230,230,Normal
2025-01-01 01:40:00,667.7259457254497,667.7259457254497,667.7259457254497,230,0,230,Normal
2025-01-01 01:50:00,590.4342359778889,590.4342359778889,590.4342359778889,230,0,230,Normal
2025-01-01 02:00:00,0.0,0.0,0.0,230,0,0,Open Circuit
2025-01-01 02:10:00,531.972541969906,531.972541969906,0.0,230,0,0,Normal
2025-01-01 02:20:00,568.5988874292224,568.5988874292224,0.0,230,230,230,Normal
2025-01-01 02:30:00,513.5932881157114,513.5932881157114,513.5932881157114,0,0,0,Normal
2025-01-01 02:40:00,0.0,0.0,0.0,230,230,0,Open Circuit
2025-01-01 02:50:00,666.054805392884,666.054805392884,666.054805392884,230,0,230,Normal
2025-01-01 03:00:00,531.0445485432582,0.0,531.0445485432582,230,0,230,Normal
2025-01-01 03:10:00,0.0,0.0,0.0,230,0,230,Open Circuit
2025-01-01 03:20:00,647.4967799978605,0.0,0.0,230,230,230,Normal
2025-01-01 03:30:00,0.0,0.0,0.0,230,0,0,Open Circuit
2025-01-01 03:40:00,542.8279532611299,542.8279532611299,0.0,230,230,0,Normal
2025-01-01 03:50:00,608.5579049862802,0.0,608.5579049862802,230,0,230,Normal
2025-01-01 04:00:00,0.0,0.0,0.0,0,0,0,Open Circuit
2025-01-01 04:10:00,596.2018807362755,596.2018807362755,596.2018807362755,230,0,0,Normal
2025-01-01 04:20:00,0.0,0.0,0.0,230,0,0,Open Circuit
2025-01-01 04:30:00,0.0,0.0,0.0,230,0,0,Open Circuit
2025-01-01 04:40:00,545.5661788294399,545.5661788294399,0.0,230,0,230,Normal
2025-01-01 04:50:00,567.9943849449896,0.0,567.9943849449896,230,230,230,Normal
2025-01-01 05:00:00,515.5742436240804,0.0,515.5742436240804,0,0,0,Normal
2025-01-01 05:10:00,566.1118242018371,566.1118242018371,566.1118242018371,230,0,230,Normal
2025-01-01 05:20:00,637.9786587337007,0.0,637.9786587337007,230,230,230,Normal
2025-01-01 05:30:00,510.46521944504326,0.0,0.0,230,0,0,Normal
2025-01-01 05:40:00,641.3123645551216,641.3123645551216,641.3123645551216,230,230,230,Normal
2025-01-01 05:50:00,681.444035167631,681.444035167631,681.444035167631,0,0,0,Normal
2025-01-01 06:00:00,500.32106307519615,0.0,0.0,0,0,0,Normal
2025-01-01 06:10:00,686.3788458640921,0.0,686.3788458640921,230,0,0,Normal
2025-01-01 06:20:00,598.1202519903421,598.1202519903421,0.0,230,0,0,Normal
2025-01-01 06:30:00,667.6767203586734,0.0,667.6767203586734,230,230,0,Normal
2025-01-01 06:40:00,603.0295737344727,0.0,603.0295737344727,230,0,0,Normal
2025-01-01 06:50:00,0.0,0.0,0.0,230,230,0,Open Circuit
2025-01-01 07:00:00,567.1965062229731,567.1965062229731,0.0,230,0,230,Normal
2025-01-01 07:10:00,576.3248010928105,0.0,576.3248010928105,0,0,0,Normal
2025-01-01 07:20:00,0.0,0.0,0.0,230,0,230,Open Circuit
2025-01-01 07:30:00,0.0,0.0,0.0,230,230,230,Open Circuit
2025-01-01 07:40:00,564.0878710029805,564.0878710029805,0.0,230,230,230,Normal
2025-01-01 07:50:00,630.8532382544901,630.8532382544901,0.0,230,0,0,Normal
2025-01-01 08:00:00,664.46139327087,664.46139327087,0.0,230,230,0,Normal
2025-01-01 08:10:00,607.9157805949508,0.0,607.9157805949508,230,230,0,Normal
2025-01-01 08:20:00,611.9522695097223,0.0,0.0,230,230,0,Normal
2025-01-01 08:30:00,0.0,0.0,0.0,230,230,0,Open Circuit
2025-01-01 08:40:00,563.7625437288889,563.7625437288889,563.7625437288889,230,0,230,Normal
2025-01-01 08:50:00,521.0338225688361,521.0338225688361,0.0,230,230,230,Normal
2025-01-01 09:00:00,572.4882965582274,0.0,0.0,230,0,230,Normal
2025-01-01 09:10:00,689.0602738732019,0.0,689.0602738732019,230,230,230,Normal
2025-01-01 09:20:00,614.5816701656877,614.5816701656877,614.5816701656877,230,0,230,Normal
2025-01-01 09:30:00,523.995796104894,523.995796104894,523.995796104894,230,230,230,Normal
2025-01-01 09:40:00,561.352390444703,0.0,561.352390444703,230,0,0,Normal
2025-01-01 09:50:00,696.5286108839331,696.5286108839331,696.5286108839331,230,0,0,Normal
2025-01-01 10:00:00,662.944691302552,0.0,662.944691302552,230,0,230,Normal
2025-01-01 10:10:00,601.7635353152494,601.7635353152494,0.0,230,0,230,Normal
2025-01-01 10:20:00,644.9123156055363,644.9123156055363,644.9123156055363,230,0,230,Normal
2025-01-01 10:30:00,0.0,0.0,0.0,230,230,230,Open Circuit
2025-01-01 10:40:00,501.1731972606911,0.0,0.0,230,0,0,Normal
2025-01-01 10:50:00,0.0,0.0,0.0,230,0,230,Open Circuit
2025-01-01 11:00:00,0.0,0.0,0.0,230,0,0,Open Circuit
2025-01-01 11:10:00,0.0,0.0,0.0,230,230,0,Open Circuit
2025-01-01 11:20:00,0.0,0.0,0.0,0,0,0,Open Circuit
2025-01-01 11:30:00,626.6325568532764,0.0,626.6325568532764,0,0,0,Normal
2025-01-01 11:40:00,649.4652202239936,0.0,0.0,230,0,0,Normal
2025-01-01 11:50:00,504.5050260234154,504.5050260234154,504.5050260234154,0,0,0,Normal
2025-01-01 12:00:00,530.1476285057905,530.1476285057905,530.1476285057905,0,0,0,Normal
2025-01-01 12:10:00,561.9358957231996,561.9358957231996,0.0,230,0,0,Normal
2025-01-01 12:20:00,0.0,0.0,0.0,230,0,0,Open Circuit
2025-01-01 12:30:00,640.4518712344048,640.4518712344048,640.4518712344048,230,230,0,Normal
2025-01-01 12:40:00,620.016360901178,620.016360901178,620.016360901178,230,0,230,Normal
2025-01-01 12:50:00,676.2670230558261,676.2670230558261,676.2670230558261,230,0,230,Normal
2025-01-01 13:00:00,686.9663973079482,0.0,686.9663973079482,230,230,230,Normal
2025-01-01 13:10:00,0.0,0.0,0.0,230,0,0,Open Circuit
2025-01-01 13:20:00,0.0,0.0,0.0,230,230,0,Open Circuit
2025-01-01 13:30:00,0.0,0.0,0.0,230,0,0,Open Circuit
2025-01-01 13:40:00,545.5845647863677,545.5845647863677,0.0,230,230,230,Normal
2025-01-01 13:50:00,0.0,0.0,0.0,230,0,230,Open Circuit
2025-01-01 14:00:00,597.1255648019334,0.0,597.1255648019334,230,230,230,Normal
2025-01-01 14:10:00,547.6581991586502,0.0,547.6581991586502,230,0,230,Normal
2025-01-01 14:20:00,697.9845856482976,0.0,0.0,0,0,0,Normal
2025-01-01 14:30:00,545.9245378319492,0.0,545.9245378319492,230,230,0,Normal
2025-01-01 14:40:00,570.6188480598923,570.6188480598923,570.6188480598923,0,0,0,Normal
2025-01-01 14:50:00,664.4878749661647,664.4878749661647,0.0,230,0,230,Normal
2025-01-01 15:00:00,680.2636895943518,680.2636895943518,0.0,0,0,0,Normal
2025-01-01 15:10:00,646.7257328688772,646.7257328688772,646.7257328688772,230,230,0,Normal
2025-01-01 15:20:00,541.6652107769314,541.6652107769314,541.6652107769314,230,230,230,Normal
2025-01-01 15:30:00,602.2317646427049,602.2317646427049,0.0,0,0,0,Normal
2025-01-01 15:40:00,659.6452540304638,0.0,659.6452540304638,230,230,230,Normal
2025-01-01 15:50:00,655.4707153230679,0.0,655.4707153230679,0,0,0,Normal
2025-01-01 16:00:00,620.878994333909,0.0,620.878994333909,230,0,230,Normal
2025-01-01 16:10:00,657.0963981723926,0.0,657.0963981723926,230,230,0,Normal
2025-01-01 16:20:00,543.0170174896126,0.0,0.0,0,0,0,Normal
2025-01-01 16:30:00,517.4479038534,517.4479038534,517.4479038534,230,230,230,Normal
2025-01-01 16:40:00,0.0,0.0,0.0,230,0,230,Open Circuit
2025-01-01 16:50:00,644.4851710044865,0.0,0.0,230,0,230,Normal
2025-01-01 17:00:00,0.0,0.0,0.0,0,0,0,Open Circuit
2025-01-01 17:10:00,505.5501233885659,0.0,505.5501233885659,230,230,230,Normal
2025-01-01 17:20:00,0.0,0.0,0.0,0,0,0,Open Circuit
2025-01-01 17:30:00,0.0,0.0,0.0,230,230,0,Open Circuit
2025-01-01 17:40:00,501.9534875924247,0.0,0.0,0,0,0,Normal
2025-01-01 17:50:00,598.9039454949636,0.0,598.9039454949636,230,0,0,Normal
2025-01-01 18:00:00,0.0,0.0,0.0,230,0,230,Open Circuit
2025-01-01 18:10:00,633.5388312777418,0.0,633.5388312777418,230,230,0,Normal
2025-01-01 18:20:00,575.8831178890374,575.8831178890374,0.0,230,230,230,Normal
2025-01-01 18:30:00,573.8978023853681,0.0,573.8978023853681,230,0,230,Normal
2025-01-01 18:40:00,522.4978203142152,522.4978203142152,522.4978203142152,0,0,0,Normal
2025-01-01 18:50:00,511.0742861109586,511.0742861109586,0.0,0,0,0,Normal
2025-01-01 19:00:00,606.8338583154325,606.8338583154325,0.0,230,0,0,Normal
2025-01-01 19:10:00,532.65586263503,532.65586263503,0.0,230,0,230,Normal
2025-01-01 19:20:00,530.1174996416821,530.1174996416821,530.1174996416821,230,230,0,Normal
2025-01-01 19:30:00,0.0,0.0,0.0,0,0,0,Open Circuit
2025-01-01 19:40:00,0.0,0.0,0.0,230,230,0,Open Circuit
2025-01-01 19:50:00,536.184053527953,0.0,536.184053527953,230,0,230,Normal
2025-01-01 20:00:00,0.0,0.0,0.0,230,230,0,Open Circuit
2025-01-01 20:10:00,697.5141032319309,0.0,697.5141032319309,230,230,0,Normal
2025-01-01 20:20:00,624.2940866833413,0.0,0.0,230,230,0,Normal
2025-01-01 20:30:00,684.2767709452584,0.0,684.2767709452584,230,230,0,Normal
2025-01-01 20:40:00,529.7309794186183,529.7309794186183,529.7309794186183,230,230,230,Normal
2025-01-01 20:50:00,0.0,0.0,0.0,230,0,0,Open Circuit
2025-01-01 21:00:00,525.8971060313646,0.0,525.8971060313646,230,230,0,Normal
2025-01-01 21:10:00,623.8763771780895,0.0,0.0,230,230,0,Normal
2025-01-01 21:20:00,662.092032219022,0.0,662.092032219022,230,230,0,Normal
2025-01-01 21:30:00,667.2658863504371,667.2658863504371,0.0,230,230,230,Normal
2025-01-01 21:40:00,0.0,0.0,0.0,230,0,230,Open Circuit
2025-01-01 21:50:00,675.8537428709592,0.0,675.8537428709592,230,0,0,Normal
2025-01-01 22:00:00,533.0120892498832,533.0120892498832,533.0120892498832,230,0,230,Normal
2025-01-01 22:10:00,616.7121188313865,616.7121188313865,616.7121188313865,230,0,230,Normal
2025-01-01 22:20:00,579.8655864311337,579.8655864311337,579.8655864311337,230,230,230,Normal
2025-01-01 22:30:00,515.6369065085381,515.6369065085381,0.0,230,0,0,Normal
2025-01-01 22:40:00,664.2075533162691,0.0,664.2075533162691,0,0,0,Normal
2025-01-01 22:50:00,0.0,0.0,0.0,0,0,0,Open Circuit
2025-01-01 23:00:00,538.5730333257834,0.0,538.5730333257834,230,0,0,Normal
2025-01-01 23:10:00,0.0,0.0,0.0,230,230,0,Open Circuit
2025-01-01 23:20:00,653.888175885445,653.888175885445,0.0,230,230,230,Normal
2025-01-01 23:30:00,501.336063362336,501.336063362336,0.0,230,0,0,Normal
2025-01-01 23:40:00,653.7984877325848,0.0,653.7984877325848,230,230,0,Normal
2025-01-01 23:50:00,687.4796230195414,0.0,687.4796230195414,230,230,0,Normal
2025-01-02 00:00:00,612.7801922925182,0.0,0.0,230,230,0,Normal
2025-01-02 00:10:00,609.9317571274156,609.9317571274156,609.9317571274156,230,0,0,Normal
2025-01-02 00:20:00,0.0,0.0,0.0,230,0,230,Open Circuit
2025-01-02 00:30:00,538.553643443648,0.0,0.0,230,0,230,Normal
2025-01-02 00:40:00,619.5382817249523,619.5382817249523,0.0,230,230,230,Normal
2025-01-02 00:50:00,602.1597999767462,602.1597999767462,0.0,230,230,0,Normal
2025-01-02 01:00:00,0.0,0.0,0.0,230,0,230,Open Circuit
2025-01-02 01:10:00,631.0760836150205,0.0,631.0760836150205,0,0,0,Normal
2025-01-02 01:20:00,0.0,0.0,0.0,0,0,0,Open Circuit
2025-01-02 01:30:00,551.7495496480785,551.7495496480785,0.0,230,0,230,Normal
2025-01-02 01:40:00,692.668923397788,692.668923397788,0.0,230,230,0,Normal
2025-01-02 01:50:00,538.6254204012397,0.0,538.6254204012397,230,230,230,Normal
2025-01-02 02:00:00,551.4554885184652,551.4554885184652,551.4554885184652,230,230,230,Normal
2025-01-02 02:10:00,519.4658246164753,0.0,519.4658246164753,230,0,230,Normal
2025-01-02 02:20:00,600.7017729968667,600.7017729968667,0.0,230,0,0,Normal
2025-01-02 02:30:00,669.4420554993035,669.4420554993035,0.0,0,0,0,Normal
2025-01-02 02:40:00,563.2115180515419,0.0,0.0,230,0,230,Normal
2025-01-02 02:50:00,543.3299283060812,0.0,543.3299283060812,230,0,230,Normal
2025-01-02 03:00:00,596.4817702895889,596.4817702895889,0.0,230,230,230,Normal
2025-01-02 03:10:00,0.0,0.0,0.0,230,230,230,Open Circuit
2025-01-02 03:20:00,527.2697442361613,0.0,0.0,230,0,230,Normal
2025-01-02 03:30:00,538.8004521135299,0.0,0.0,0,0,0,Normal
2025-01-02 03:40:00,0.0,0.0,0.0,230,0,0,Open Circuit
2025-01-02 03:50:00,580.0887022628553,0.0,580.0887022628553,230,0,230,Normal
2025-01-02 04:00:00,635.4815644308735,0.0,0.0,230,0,0,Normal
2025-01-02 04:10:00,680.5885300346022,680.5885300346022,680.5885300346022,230,0,230,Normal
2025-01-02 04:20:00,676.1735794687122,676.1735794687122,0.0,0,0,0,Normal
2025-01-02 04:30:00,680.638265047848,680.638265047848,0.0,230,0,230,Normal
2025-01-02 04:40:00,534.3898716072852,534.3898716072852,0.0,230,0,230,Normal
2025-01-02 04:50:00,0.0,0.0,0.0,230,230,0,Open Circuit
2025-01-02 05:00:00,0.0,0.0,0.0,230,0,230,Open Circuit
2025-01-02 05:10:00,617.2300050712182,617.2300050712182,617.2300050712182,230,230,0,Normal
2025-01-02 05:20:00,536.8931200028322,536.8931200028322,536.8931200028322,230,0,0,Normal
2025-01-02 05:30:00,676.3161602231053,0.0,0.0,0,0,0,Normal
2025-01-02 05:40:00,630.4618345362048,630.4618345362048,630.4618345362048,230,0,0,Normal
2025-01-02 05:50:00,509.42284859738754,0.0,509.42284859738754,230,230,230,Normal
2025-01-02 06:00:00,654.3936469105246,0.0,0.0,230,0,0,Normal
2025-01-02 06:10:00,666.0430148936751,0.0,0.0,230,230,230,Normal
2025-01-02 06:20:00,681.5312748308739,681.5312748308739,0.0,230,0,230,Normal
2025-01-02 06:30:00,0.0,0.0,0.0,230,230,0,Open Circuit
2025-01-02 06:40:00,690.2339689523691,690.2339689523691,0.0,230,0,230,Normal
2025-01-02 06:50:00,574.7716421224364,574.7716421224364,0.0,230,230,0,Normal
2025-01-02 07:00:00,0.0,0.0,0.0,230,0,230,Open Circuit
2025-01-02 07:10:00,0.0,0.0,0.0,230,230,230,Open Circuit
2025-01-02 07:20:00,673.5458438815044,0.0,0.0,230,230,0,Normal
2025-01-02 07:30:00,0.0,0.0,0.0,230,230,0,Open Circuit
2025-01-02 07:40:00,692.6953012247773,0.0,692.6953012247773,0,0,0,Normal
2025-01-02 07:50:00,638.1197421427868,638.1197421427868,638.1197421427868,0,0,0,Normal
2025-01-02 08:00:00,628.0549287396392,628.0549287396392,0.0,230,0,230,Normal
2025-01-02 08:10:00,577.6348422814135,0.0,577.6348422814135,230,230,0,Normal
2025-01-02 08:20:00,0.0,0.0,0.0,0,0,0,Open Circuit
2025-01-02 08:30:00,612.312492332457,0.0,612.312492332457,230,230,230,Normal
2025-01-02 08:40:00,524.3591574545882,0.0,524.3591574545882,230,230,230,Normal
2025-01-02 08:50:00,567.7245098040081,567.7245098040081,567.7245098040081,230,230,0,Normal
2025-01-02 09:00:00,568.817036165859,0.0,568.817036165859,230,0,230,Normal
2025-01-02 09:10:00,653.5375907278792,0.0,653.5375907278792,230,230,0,Normal
2025-01-02 09:20:00,634.491096006184,0.0,0.0,230,230,230,Normal
2025-01-02 09:30:00,675.56570224231,675.56570224231,0.0,230,0,0,Normal
2025-01-02 09:40:00,0.0,0.0,0.0,230,230,0,Open Circuit
2025-01-02 09:50:00,611.1904704770988,0.0,611.1904704770988,230,230,0,Normal
2025-01-02 10:00:00,515.2862513292823,0.0,0.0,230,230,0,Normal
2025-01-02 10:10:00,534.9426169869465,0.0,534.9426169869465,230,0,0,Normal
2025-01-02 10:20:00,528.7224672702008,0.0,0.0,230,230,230,Normal
2025-01-02 10:30:00,0.0,0.0,0.0,230,230,0,Open Circuit
2025-01-02 10:40:00,639.0933520618659,0.0,639.0933520618659,230,230,230,Normal
2025-01-02 10:50:00,651.1283969277213,0.0,0.0,230,230,230,Normal
2025-01-02 11:00:00,0.0,0.0,0.0,230,0,230,Open Circuit
2025-01-02 11:10:00,514.469922299721,514.469922299721,514.469922299721,230,230,230,Normal
2025-01-02 11:20:00,634.41276122464,0.0,0.0,230,0,230,Normal
2025-01-02 11:30:00,594.2832014273391,0.0,594.2832014273391,230,230,230,Normal
2025-01-02 11:40:00,603.9147843566295,603.9147843566295,0.0,230,230,230,Normal
2025-01-02 11:50:00,634.7589761647343,634.7589761647343,634.7589761647343,230,230,0,Normal
2025-01-02 12:00:00,698.2637628914127,0.0,698.2637628914127,230,230,230,Normal
2025-01-02 12:10:00,563.2900305397112,0.0,0.0,0,0,0,Normal
2025-01-02 12:20:00,559.863897186933,0.0,559.863897186933,230,0,0,Normal
2025-01-02 12:30:00,504.3871480683004,0.0,504.3871480683004,230,230,0,Normal
2025-01-02 12:40:00,652.9954479727824,652.9954479727824,652.9954479727824,230,230,230,Normal
2025-01-02 12:50:00,698.0784718134737,0.0,0.0,230,230,0,Normal
2025-01-02 13:00:00,517.2243611445222,517.2243611445222,517.2243611445222,230,230,230,Normal
2025-01-02 13:10:00,687.6623615997541,0.0,687.6623615997541,230,230,230,Normal
2025-01-02 13:20:00,0.0,0.0,0.0,230,0,0,Open Circuit
2025-01-02 13:30:00,516.564643141882,0.0,0.0,230,230,0,Normal
2025-01-02 13:40:00,0.0,0.0,0.0,230,0,0,Open Circuit
2025-01-02 13:50:00,674.4682482881441,0.0,674.4682482881441,0,0,0,Normal
2025-01-02 14:00:00,0.0,0.0,0.0,0,0,0,Open Circuit
2025-01-02 14:10:00,0.0,0.0,0.0,230,0,230,Open Circuit
2025-01-02 14:20:00,637.1119675213694,637.1119675213694,637.1119675213694,230,230,230,Normal
2025-01-02 14:30:00,575.1315142476068,575.1315142476068,575.1315142476068,230,0,230,Normal
2025-01-02 14:40:00,557.5233115270405,0.0,557.5233115270405,230,0,230,Normal
2025-01-02 14:50:00,0.0,0.0,0.0,0,0,0,Open Circuit
2025-01-02 15:00:00,0.0,0.0,0.0,0,0,0,Open Circuit
2025-01-02 15:10:00,0.0,0.0,0.0,0,0,0,Open Circuit
2025-01-02 15:20:00,656.101338002662,656.101338002662,656.101338002662,230,230,0,Normal
2025-01-02 15:30:00,665.7699244297021,665.7699244297021,0.0,0,0,0,Normal
2025-01-02 15:40:00,557.423673088924,0.0,557.423673088924,230,230,0,Normal
2025-01-02 15:50:00,610.3249802189118,610.3249802189118,610.3249802189118,230,230,230,Normal
2025-01-02 16:00:00,594.6272910987894,594.6272910987894,0.0,0,0,0,Normal
2025-01-02 16:10:00,523.7181730764426,523.7181730764426,523.7181730764426,230,230,230,Normal
2025-01-02 16:20:00,684.7531795377549,684.7531795377549,0.0,230,230,230,Normal
2025-01-02 16:30:00,616.7147551957919,0.0,0.0,0,0,0,Normal
2025-01-02 16:40:00,557.932320579285,0.0,0.0,230,0,230,Normal
2025-01-02 16:50:00,0.0,0.0,0.0,230,0,230,Open Circuit
2025-01-02 17:00:00,513.5834550738365,0.0,513.5834550738365,230,0,0,Normal
2025-01-02 17:10:00,616.9387851219008,616.9387851219008,616.9387851219008,230,0,230,Normal
2025-01-02 17:20:00,591.2850778704232,591.2850778704232,591.2850778704232,0,0,0,Normal
2025-01-02 17:30:00,669.9975988115893,669.9975988115893,0.0,230,230,230,Normal
2025-01-02 17:40:00,0.0,0.0,0.0,0,0,0,Open Circuit
2025-01-02 17:50:00,603.154955194636,603.154955194636,603.154955194636,230,0,230,Normal
2025-01-02 18:00:00,660.2359305307589,0.0,0.0,230,0,230,Normal
2025-01-02 18:10:00,536.569603571728,536.569603571728,536.569603571728,230,0,0,Normal
2025-01-02 18:20:00,0.0,0.0,0.0,230,0,230,Open Circuit
2025-01-02 18:30:00,590.6405671721874,590.6405671721874,0.0,230,230,0,Normal
2025-01-02 18:40:00,572.9288531541123,0.0,0.0,0,0,0,Normal
2025-01-02 18:50:00,0.0,0.0,0.0,0,0,0,Open Circuit
2025-01-02 19:00:00,576.2654122225599,576.2654122225599,576.2654122225599,230,230,0,Normal
2025-01-02 19:10:00,527.3999890038353,0.0,0.0,0,0,0,Normal
2025-01-02 19:20:00,0.0,0.0,0.0,230,0,0,Open Circuit
2025-01-02 19:30:00,576.5142253214356,0.0,576.5142253214356,0,0,0,Normal
2025-01-02 19:40:00,566.7013070233495,566.7013070233495,0.0,230,0,230,Normal
2025-01-02 19:50:00,598.8146339536124,0.0,598.8146339536124,0,0,0,Normal
2025-01-02 20:00:00,664.1857316946632,0.0,0.0,230,230,0,Normal
2025-01-02 20:10:00,692.2464763797193,0.0,0.0,230,0,230,Normal
2025-01-02 20:20:00,524.2813614445895,0.0,524.2813614445895,230,230,230,Normal
2025-01-02 20:30:00,638.0328782932222,0.0,0.0,230,230,0,Normal
2025-01-02 20:40:00,606.1217682922697,0.0,606.1217682922697,230,0,230,Normal
2025-01-02 20:50:00,690.5995275702478,0.0,690.5995275702478,230,230,230,Normal
2025-01-02 21:00:00,620.9384357576016,620.9384357576016,0.0,230,230,230,Normal
2025-01-02 21:10:00,633.7791733994482,0.0,633.7791733994482,0,0,0,Normal
2025-01-02 21:20:00,615.9289723774978,615.9289723774978,615.9289723774978,0,0,0,Normal
2025-01-02 21:30:00,0.0,0.0,0.0,230,0,230,Open Circuit
2025-01-02 21:40:00,576.2120522012973,576.2120522012973,576.2120522012973,230,230,0,Normal
2025-01-02 21:50:00,0.0,0.0,0.0,230,230,0,Open Circuit
2025-01-02 22:00:00,646.1776070206147,646.1776070206147,0.0,230,0,0,Normal
2025-01-02 22:10:00,538.5057190389733,0.0,0.0,230,0,230,Normal
2025-01-02 22:20:00,635.7306801147558,635.7306801147558,0.0,230,0,0,Normal
2025-01-02 22:30:00,552.6372973480488,552.6372973480488,552.6372973480488,230,230,230,Normal
2025-01-02 22:40:00,551.1529165257087,0.0,0.0,230,0,0,Normal
2025-01-02 22:50:00,0.0,0.0,0.0,230,230,0,Open Circuit
2025-01-02 23:00:00,558.7340177345371,0.0,0.0,230,230,0,Normal
2025-01-02 23:10:00,662.2333139373632,662.2333139373632,0.0,0,0,0,Normal
2025-01-02 23:20:00,555.2143587212214,0.0,555.2143587212214,230,0,0,Normal
2025-01-02 23:30:00,654.6657692455556,654.6657692455556,654.6657692455556,0,0,0,Normal
2025-01-02 23:40:00,635.0494842305088,0.0,635.0494842305088,0,0,0,Normal
2025-01-02 23:50:00,557.4152876773549,557.4152876773549,557.4152876773549,230,0,0,Normal
2025-01-03 00:00:00,504.8314578303844,504.8314578303844,504.8314578303844,230,230,0,Normal
2025-01-03 00:10:00,529.9075099441435,0.0,0.0,230,230,230,Normal
2025-01-03 00:20:00,566.7153265320727,0.0,566.7153265320727,0,0,0,Normal
2025-01-03 00:30:00,633.4835814946342,0.0,633.4835814946342,230,0,230,Normal
2025-01-03 00:40:00,542.582935044559,542.582935044559,0.0,230,0,230,Normal
2025-01-03 00:50:00,528.393930197687,528.393930197687,528.393930197687,230,230,230,Normal
2025-01-03 01:00:00,555.5915161135213,0.0,555.5915161135213,0,0,0,Normal
2025-01-03 01:10:00,696.8351858421645,0.0,0.0,230,230,230,Normal
2025-01-03 01:20:00,542.5077142138343,0.0,542.5077142138343,230,0,230,Normal
2025-01-03 01:30:00,617.3521155932247,0.0,617.3521155932247,230,0,0,Normal
2025-01-03 01:40:00,0.0,0.0,0.0,230,0,0,Open Circuit
2025-01-03 01:50:00,589.3586078998319,0.0,589.3586078998319,230,230,230,Normal
2025-01-03 02:00:00,0.0,0.0,0.0,0,0,0,Open Circuit
2025-01-03 02:10:00,0.0,0.0,0.0,230,230,0,Open Circuit
2025-01-03 02:20:00,0.0,0.0,0.0,230,230,0,Open Circuit
2025-01-03 02:30:00,577.9047157443556,577.9047157443556,0.0,230,0,0,Normal
2025-01-03 02:40:00,656.8716718014119,656.8716718014119,0.0,0,0,0,Normal
2025-01-03 02:50:00,623.0582329947767,623.0582329947767,623.0582329947767,230,230,0,Normal
2025-01-03 03:00:00,682.6793756860036,682.6793756860036,0.0,230,0,0,Normal
2025-01-03 03:10:00,658.6778505340338,0.0,658.6778505340338,230,0,0,Normal
2025-01-03 03:20:00,522.6229684320765,0.0,522.6229684320765,230,230,0,Normal
2025-01-03 03:30:00,515.9290709758577,515.9290709758577,0.0,230,0,230,Normal
2025-01-03 03:40:00,0.0,0.0,0.0,230,230,0,Open Circuit
2025-01-03 03:50:00,567.2904796937571,567.2904796937571,567.2904796937571,230,0,0,Normal
2025-01-03 04:00:00,556.8879967571094,0.0,556.8879967571094,0,0,0,Normal
2025-01-03 04:10:00,0.0,0.0,0.0,230,0,0,Open Circuit
2025-01-03 04:20:00,506.0237017922132,0.0,0.0,230,0,230,Normal
2025-01-03 04:30:00,645.950545825293,0.0,645.950545825293,230,0,0,Normal
2025-01-03 04:40:00,663.1566343745661,663.1566343745661,0.0,230,0,0,Normal
2025-01-03 04:50:00,524.6473622363446,0.0,524.6473622363446,0,0,0,Normal
2025-01-03 05:00:00,0.0,0.0,0.0,230,230,0,Open Circuit
2025-01-03 05:10:00,653.5934097944066,653.5934097944066,0.0,230,0,0,Normal
2025-01-03 05:20:00,524.1979703337029,0.0,0.0,230,230,0,Normal
2025-01-03 05:30:00,522.9007684541881,522.9007684541881,522.9007684541881,0,0,0,Normal
2025-01-03 05:40:00,540.3581675476993,0.0,0.0,230,230,230,Normal
2025-01-03 05:50:00,0.0,0.0,0.0,230,0,0,Open Circuit
2025-01-03 06:00:00,578.0697388320591,578.0697388320591,0.0,0,0,0,Normal
2025-01-03 06:10:00,610.2636241029957,0.0,610.2636241029957,0,0,0,Normal
2025-01-03 06:20:00,557.5460590981618,557.5460590981618,0.0,0,0,0,Normal
2025-01-03 06:30:00,598.061405129414,598.061405129414,598.061405129414,230,0,230,Normal
2025-01-03 06:40:00,638.6747336835168,638.6747336835168,638.6747336835168,230,0,230,Normal
2025-01-03 06:50:00,561.7096173160843,0.0,561.7096173160843,230,0,0,Normal
2025-01-03 07:00:00,690.1916660491821,690.1916660491821,0.0,0,0,0,Normal
2025-01-03 07:10:00,571.5116028452068,571.5116028452068,0.0,0,0,0,Normal
2025-01-03 07:20:00,583.3703850672995,0.0,0.0,230,0,230,Normal
2025-01-03 07:30:00,531.6658585940166,531.6658585940166,531.6658585940166,0,0,0,Normal
2025-01-03 07:40:00,0.0,0.0,0.0,230,0,230,Open Circuit
2025-01-03 07:50:00,500.5940519266809,500.5940519266809,500.5940519266809,0,0,0,Normal
2025-01-03 08:00:00,630.5149447340546,0.0,630.5149447340546,230,230,0,Normal
2025-01-03 08:10:00,543.6624220624251,543.6624220624251,543.6624220624251,230,230,230,Normal
2025-01-03 08:20:00,641.9786675250508,641.9786675250508,0.0,230,0,230,Normal
2025-01-03 08:30:00,674.843126487828,0.0,0.0,230,0,230,Normal
2025-01-03 08:40:00,525.6195449220352,525.6195449220352,0.0,230,0,0,Normal
2025-01-03 08:50:00,675.0414694106129,675.0414694106129,0.0,230,230,230,Normal
2025-01-03 09:00:00,685.1440223102559,685.1440223102559,0.0,230,0,0,Normal
2025-01-03 09:10:00,639.7903171307022,639.7903171307022,0.0,230,230,0,Normal
2025-01-03 09:20:00,660.5368509347529,0.0,0.0,230,0,230,Normal
2025-01-03 09:30:00,637.1907891161816,637.1907891161816,0.0,230,0,0,Normal
2025-01-03 09:40:00,0.0,0.0,0.0,230,230,230,Open Circuit
2025-01-03 09:50:00,544.331435397304,544.331435397304,0.0,230,230,0,Normal
2025-01-03 10:00:00,635.5210126960862,635.5210126960862,0.0,230,230,0,Normal
2025-01-03 10:10:00,531.1715393218187,0.0,0.0,230,230,0,Normal
2025-01-03 10:20:00,595.2647548009134,595.2647548009134,595.2647548009134,230,0,0,Normal
2025-01-03 10:30:00,0.0,0.0,0.0,230,230,230,Open Circuit
2025-01-03 10:40:00,666.7506804409201,666.7506804409201,666.7506804409201,0,0,0,Normal
2025-01-03 10:50:00,602.0951625960943,602.0951625960943,602.0951625960943,0,0,0,Normal
2025-01-03 11:00:00,0.0,0.0,0.0,230,230,230,Open Circuit
2025-01-03 11:10:00,616.9353914668278,0.0,616.9353914668278,230,0,0,Normal
2025-01-03 11:20:00,647.1691099080048,647.1691099080048,0.0,230,230,0,Normal
2025-01-03 11:30:00,0.0,0.0,0.0,0,0,0,Open Circuit
2025-01-03 11:40:00,543.8615199912573,543.8615199912573,0.0,230,230,0,Normal
2025-01-03 11:50:00,608.9608173922585,0.0,608.9608173922585,0,0,0,Normal
2025-01-03 12:00:00,640.6577227570345,0.0,640.6577227570345,230,230,0,Normal
2025-01-03 12:10:00,631.9602951999743,631.9602951999743,631.9602951999743,230,230,230,Normal
2025-01-03 12:20:00,0.0,0.0,0.0,230,230,0,Open Circuit
2025-01-03 12:30:00,622.2352835688966,0.0,0.0,230,230,230,Normal
2025-01-03 12:40:00,636.8432279888443,0.0,0.0,230,0,0,Normal
2025-01-03 12:50:00,606.2274167302909,606.2274167302909,606.2274167302909,0,0,0,Normal
2025-01-03 13:00:00,577.6858482903459,577.6858482903459,577.6858482903459,230,230,230,Normal
2025-01-03 13:10:00,509.49165855053553,509.49165855053553,509.49165855053553,230,0,230,Normal
2025-01-03 13:20:00,0.0,0.0,0.0,230,0,0,Open Circuit
2025-01-03 13:30:00,0.0,0.0,0.0,230,0,230,Open Circuit
2025-01-03 13:40:00,644.0958769819282,644.0958769819282,644.0958769819282,230,230,0,Normal
2025-01-03 13:50:00,617.0741236697868,617.0741236697868,0.0,230,230,0,Normal
2025-01-03 14:00:00,556.6495320306682,556.6495320306682,0.0,230,230,0,Normal
2025-01-03 14:10:00,635.9279587268146,635.9279587268146,635.9279587268146,230,230,0,Normal
2025-01-03 14:20:00,0.0,0.0,0.0,230,230,230,Open Circuit
2025-01-03 14:30:00,553.5556892090779,553.5556892090779,553.5556892090779,0,0,0,Normal
2025-01-03 14:40:00,677.1032425190485,677.1032425190485,0.0,230,0,230,Normal
2025-01-03 14:50:00,0.0,0.0,0.0,230,0,0,Open Circuit
2025-01-03 15:00:00,537.1025877781484,537.1025877781484,537.1025877781484,0,0,0,Normal
2025-01-03 15:10:00,612.5357182735988,612.5357182735988,612.5357182735988,0,0,0,Normal
2025-01-03 15:20:00,0.0,0.0,0.0,230,0,230,Open Circuit
2025-01-03 15:30:00,566.2829739326955,566.2829739326955,0.0,230,0,230,Normal
2025-01-03 15:40:00,0.0,0.0,0.0,230,0,230,Open Circuit
2025-01-03 15:50:00,645.4568037465567,645.4568037465567,645.4568037465567,0,0,0,Normal
2025-01-03 16:00:00,696.3384643276625,696.3384643276625,0.0,230,0,230,Normal
2025-01-03 16:10:00,503.4042514841157,0.0,503.4042514841157,230,230,0,Normal
2025-01-03 16:20:00,636.1886699030051,0.0,636.1886699030051,230,0,230,Normal
2025-01-03 16:30:00,595.2450957766541,0.0,0.0,230,0,230,Normal
2025-01-03 16:40:00,513.556938352349,0.0,0.0,230,230,230,Normal
2025-01-03 16:50:00,0.0,0.0,0.0,230,230,230,Open Circuit
2025-01-03 17:00:00,584.256050221973,584.256050221973,584.256050221973,230,0,0,Normal
2025-01-03 17:10:00,584.3748024156688,584.3748024156688,584.3748024156688,230,0,230,Normal
2025-01-03 17:20:00,507.9092797921644,507.9092797921644,507.9092797921644,0,0,0,Normal
2025-01-03 17:30:00,515.2788984739224,515.2788984739224,0.0,230,230,0,Normal
2025-01-03 17:40:00,548.0286478641887,0.0,548.0286478641887,230,0,230,Normal
2025-01-03 17:50:00,583.7612025778951,0.0,583.7612025778951,230,230,0,Normal
2025-01-03 18:00:00,619.401662380167,0.0,619.401662380167,230,230,230,Normal
2025-01-03 18:10:00,0.0,0.0,0.0,230,230,0,Open Circuit
2025-01-03 18:20:00,0.0,0.0,0.0,230,0,0,Open Circuit
2025-01-03 18:30:00,657.3398624636719,657.3398624636719,657.3398624636719,230,0,230,Normal
2025-01-03 18:40:00,649.1676976712268,0.0,649.1676976712268,230,230,0,Normal
2025-01-03 18:50:00,662.836012179889,662.836012179889,662.836012179889,230,230,0,Normal
2025-01-03 19:00:00,0.0,0.0,0.0,230,0,230,Open Circuit
2025-01-03 19:10:00,637.838207466351,637.838207466351,0.0,230,0,0,Normal
2025-01-03 19:20:00,686.8043446231728,686.8043446231728,0.0,230,0,230,Normal
2025-01-03 19:30:00,0.0,0.0,0.0,0,0,0,Open Circuit
2025-01-03 19:40:00,0.0,0.0,0.0,230,230,0,Open Circuit
2025-01-03 19:50:00,0.0,0.0,0.0,0,0,0,Open Circuit
2025-01-03 20:00:00,609.4720808227534,609.4720808227534,0.0,230,0,0,Normal
2025-01-03 20:10:00,576.5353224844757,576.5353224844757,576.5353224844757,0,0,0,Normal
2025-01-03 20:20:00,0.0,0.0,0.0,0,0,0,Open Circuit
2025-01-03 20:30:00,637.8180041076392,0.0,637.8180041076392,230,0,230,Normal
2025-01-03 20:40:00,660.3162473574314,660.3162473574314,0.0,230,230,0,Normal
2025-01-03 20:50:00,686.6300860069526,0.0,686.6300860069526,230,230,0,Normal
2025-01-03 21:00:00,558.9263215705481,0.0,558.9263215705481,230,0,0,Normal
2025-01-03 21:10:00,589.309687259498,0.0,589.309687259498,230,0,230,Normal
2025-01-03 21:20:00,546.017972136109,546.017972136109,0.0,230,230,0,Normal
2025-01-03 21:30:00,640.4318314077282,640.4318314077282,640.4318314077282,230,0,0,Normal
2025-01-03 21:40:00,669.0647357405276,0.0,0.0,230,230,0,Normal
2025-01-03 21:50:00,509.2389777085968,509.2389777085968,509.2389777085968,230,230,0,Normal
2025-01-03 22:00:00,672.4744878898586,0.0,0.0,230,230,230,Normal
2025-01-03 22:10:00,640.0224793055104,0.0,0.0,0,0,0,Normal
2025-01-03 22:20:00,611.1756118312661,0.0,0.0,0,0,0,Normal
2025-01-03 22:30:00,678.9575862292369,0.0,0.0,230,0,230,Normal
2025-01-03 22:40:00,622.9726695578001,622.9726695578001,0.0,230,230,230,Normal
2025-01-03 22:50:00,532.6066430651135,532.6066430651135,0.0,230,0,0,Normal
2025-01-03 23:00:00,0.0,0.0,0.0,230,0,0,Open Circuit
2025-01-03 23:10:00,0.0,0.0,0.0,0,0,0,Open Circuit
2025-01-03 23:20:00,542.0338670652951,542.0338670652951,0.0,230,230,230,Normal
2025-01-03 23:30:00,692.7621695019503,0.0,0.0,0,0,0,Normal
2025-01-03 23:40:00,0.0,0.0,0.0,230,230,0,Open Circuit
2025-01-03 23:50:00,618.0929579256243,618.0929579256243,0.0,230,0,230,Normal
2025-01-04 00:00:00,529.8699633827281,529.8699633827281,529.8699633827281,230,230,230,Normal
2025-01-04 00:10:00,516.6978323131701,0.0,0.0,230,230,0,Normal
2025-01-04 00:20:00,674.0281327107092,674.0281327107092,674.0281327107092,230,230,0,Normal
2025-01-04 00:30:00,617.546026440014,0.0,617.546026440014,0,0,0,Normal
2025-01-04 00:40:00,667.8444345475336,0.0,0.0,230,230,230,Normal
2025-01-04 00:50:00,591.5221662756393,591.5221662756393,591.5221662756393,230,0,0,Normal
2025-01-04 01:00:00,0.0,0.0,0.0,0,0,0,Open Circuit
2025-01-04 01:10:00,698.8309886060765,0.0,698.8309886060765,230,0,230,Normal
2025-01-04 01:20:00,690.4648082232005,0.0,0.0,0,0,0,Normal
2025-01-04 01:30:00,634.1297249670274,634.1297249670274,634.1297249670274,230,0,0,Normal
2025-01-04 01:40:00,672.2625628718729,0.0,672.2625628718729,230,230,0,Normal
2025-01-04 01:50:00,690.0004156790277,0.0,690.0004156790277,230,230,230,Normal
2025-01-04 02:00:00,0.0,0.0,0.0,230,230,230,Open Circuit
2025-01-04 02:10:00,666.1423122476818,666.1423122476818,666.1423122476818,230,0,230,Normal
2025-01-04 02:20:00,677.9758345515372,0.0,677.9758345515372,230,0,230,Normal
2025-01-04 02:30:00,513.582863795491,513.582863795491,0.0,230,0,230,Normal
2025-01-04 02:40:00,609.6018508984794,609.6018508984794,609.6018508984794,230,230,230,Normal
2025-01-04 02:50:00,558.9526069462131,558.9526069462131,0.0,230,0,230,Normal
2025-01-04 03:00:00,641.6483254193405,0.0,641.6483254193405,230,0,0,Normal
2025-01-04 03:10:00,652.8143218169907,0.0,0.0,230,230,0,Normal
2025-01-04 03:20:00,648.1158331873801,0.0,648.1158331873801,0,0,0,Normal
2025-01-04 03:30:00,554.3710516393039,554.3710516393039,0.0,0,0,0,Normal
2025-01-04 03:40:00,632.9169559732122,632.9169559732122,0.0,230,0,0,Normal
2025-01-04 03:50:00,603.8585545103977,0.0,603.8585545103977,230,230,230,Normal
2025-01-04 04:00:00,686.9062793696281,686.9062793696281,0.0,230,0,0,Normal
2025-01-04 04:10:00,610.0065105702192,610.0065105702192,0.0,230,0,230,Normal
2025-01-04 04:20:00,0.0,0.0,0.0,0,0,0,Open Circuit
2025-01-04 04:30:00,528.734116578652,528.734116578652,0.0,230,230,230,Normal
2025-01-04 04:40:00,628.6505510779677,628.6505510779677,628.6505510779677,230,230,0,Normal
2025-01-04 04:50:00,611.0358721285055,0.0,0.0,230,0,230,Normal
2025-01-04 05:00:00,559.66788490729,559.66788490729,0.0,0,0,0,Normal
2025-01-04 05:10:00,515.2211015125581,515.2211015125581,515.2211015125581,230,0,230,Normal
2025-01-04 05:20:00,536.4595769312498,536.4595769312498,536.4595769312498,230,230,230,Normal
2025-01-04 05:30:00,0.0,0.0,0.0,0,0,0,Open Circuit
2025-01-04 05:40:00,0.0,0.0,0.0,230,0,230,Open Circuit
2025-01-04 05:50:00,670.6098724943391,670.6098724943391,0.0,230,0,230,Normal
2025-01-04 06:00:00,0.0,0.0,0.0,0,0,0,Open Circuit
2025-01-04 06:10:00,544.1937353501606,0.0,544.1937353501606,230,230,0,Normal
2025-01-04 06:20:00,689.7519915800399,0.0,0.0,0,0,0,Normal
2025-01-04 06:30:00,646.8285264129529,0.0,0.0,230,230,0,Normal
2025-01-04 06:40:00,645.5723411238462,645.5723411238462,0.0,230,0,230,Normal
2025-01-04 06:50:00,614.2385560355265,614.2385560355265,614.2385560355265,230,0,230,Normal
2025-01-04 07:00:00,513.5085415923916,513.5085415923916,0.0,230,230,0,Normal
2025-01-04 07:10:00,0.0,0.0,0.0,230,230,230,Open Circuit
2025-01-04 07:20:00,663.9748846752283,0.0,0.0,230,0,0,Normal
2025-01-04 07:30:00,590.3387111134931,590.3387111134931,590.3387111134931,230,230,230,Normal
2025-01-04 07:40:00,525.3381706090117,0.0,525.3381706090117,230,0,230,Normal
2025-01-04 07:50:00,666.813572622397,0.0,666.813572622397,0,0,0,Normal
2025-01-04 08:00:00,638.2855824128179,638.2855824128179,638.2855824128179,230,0,0,Normal
2025-01-04 08:10:00,614.7179496775574,0.0,614.7179496775574,230,230,0,Normal
2025-01-04 08:20:00,530.2921894023771,0.0,530.2921894023771,0,0,0,Normal
2025-01-04 08:30:00,501.79171952259287,0.0,0.0,0,0,0,Normal
2025-01-04 08:40:00,0.0,0.0,0.0,230,230,230,Open Circuit
2025-01-04 08:50:00,557.5846938767988,557.5846938767988,557.5846938767988,0,0,0,Normal
2025-01-04 09:00:00,557.7735664710806,0.0,0.0,0,0,0,Normal
2025-01-04 09:10:00,680.550749666468,0.0,680.550749666468,230,0,0,Normal
2025-01-04 09:20:00,583.3477113326162,0.0,583.3477113326162,230,230,0,Normal
2025-01-04 09:30:00,629.3079969218662,629.3079969218662,0.0,230,0,230,Normal
2025-01-04 09:40:00,567.2578257654435,567.2578257654435,0.0,230,230,0,Normal
2025-01-04 09:50:00,564.2472937035986,0.0,0.0,230,230,230,Normal
2025-01-04 10:00:00,603.028363807436,0.0,0.0,230,230,230,Normal
2025-01-04 10:10:00,522.3198696264642,522.3198696264642,522.3198696264642,230,0,230,Normal
2025-01-04 10:20:00,672.4250359962779,672.4250359962779,0.0,0,0,0,Normal
2025-01-04 10:30:00,691.0200558304015,691.0200558304015,691.0200558304015,230,230,230,Normal
2025-01-04 10:40:00,682.6432993137463,0.0,682.6432993137463,230,0,230,Normal
2025-01-04 10:50:00,0.0,0.0,0.0,230,230,0,Open Circuit
2025-01-04 11:00:00,567.3289830462073,0.0,567.3289830462073,230,0,230,Normal
2025-01-04 11:10:00,643.6217527292497,0.0,0.0,0,0,0,Normal
2025-01-04 11:20:00,638.0761775407161,638.0761775407161,0.0,230,230,0,Normal
2025-01-04 11:30:00,543.3063889143231,543.3063889143231,543.3063889143231,230,0,0,Normal
2025-01-04 11:40:00,0.0,0.0,0.0,230,0,230,Open Circuit
2025-01-04 11:50:00,644.3856520058325,644.3856520058325,0.0,230,0,230,Normal
2025-01-04 12:00:00,0.0,0.0,0.0,230,230,230,Open Circuit
2025-01-04 12:10:00,681.3259886889114,0.0,0.0,230,230,0,Normal
2025-01-04 12:20:00,645.350317679678,0.0,645.350317679678,230,0,230,Normal
2025-01-04 12:30:00,540.3557945107568,0.0,0.0,230,230,0,Normal
2025-01-04 12:40:00,510.6440065775641,0.0,0.0,230,230,230,Normal
2025-01-04 12:50:00,532.2494369624195,0.0,0.0,230,0,230,Normal
2025-01-04 13:00:00,0.0,0.0,0.0,230,0,0,Open Circuit
2025-01-04 13:10:00,571.9222577827574,0.0,571.9222577827574,0,0,0,Normal
2025-01-04 13:20:00,637.438765446997,637.438765446997,637.438765446997,230,230,0,Normal
2025-01-04 13:30:00,696.1236042472146,696.1236042472146,0.0,230,230,230,Normal
2025-01-04 13:40:00,614.8755378577318,0.0,614.8755378577318,230,0,0,Normal
2025-01-04 13:50:00,537.4935397622551,537.4935397622551,537.4935397622551,230,230,230,Normal
2025-01-04 14:00:00,503.29114380709854,0.0,0.0,230,0,230,Normal
2025-01-04 14:10:00,501.5220601102286,501.5220601102286,0.0,230,0,230,Normal
2025-01-04 14:20:00,598.147108615518,598.147108615518,0.0,230,0,0,Normal
2025-01-04 14:30:00,620.8670423434755,620.8670423434755,0.0,0,0,0,Normal
2025-01-04 14:40:00,514.3977096388501,0.0,514.3977096388501,0,0,0,Normal
2025-01-04 14:50:00,543.7509744194647,543.7509744194647,543.7509744194647,230,230,0,Normal
2025-01-04 15:00:00,555.8143781359153,555.8143781359153,0.0,230,230,230,Normal
2025-01-04 15:10:00,565.6228547787404,0.0,0.0,230,0,230,Normal
2025-01-04 15:20:00,544.9563680734651,0.0,544.9563680734651,230,0,0,Normal
2025-01-04 15:30:00,614.7072898167559,614.7072898167559,614.7072898167559,0,0,0,Normal
2025-01-04 15:40:00,604.5864169466442,604.5864169466442,604.5864169466442,230,0,0,Normal
2025-01-04 15:50:00,627.1173327933806,0.0,0.0,0,0,0,Normal
2025-01-04 16:00:00,562.7966690180765,0.0,562.7966690180765,230,0,230,Normal
2025-01-04 16:10:00,0.0,0.0,0.0,0,0,0,Open Circuit
2025-01-04 16:20:00,567.3286091031048,0.0,567.3286091031048,230,230,230,Normal
2025-01-04 16:30:00,631.5909649211919,631.5909649211919,0.0,230,0,0,Normal
2025-01-04 16:40:00,638.7310143094395,638.7310143094395,638.7310143094395,0,0,0,Normal
2025-01-04 16:50:00,685.2144680263863,0.0,0.0,230,0,230,Normal
2025-01-04 17:00:00,614.8620137062298,614.8620137062298,614.8620137062298,230,230,0,Normal
2025-01-04 17:10:00,628.422853484845,0.0,0.0,230,230,230,Normal
2025-01-04 17:20:00,678.7875307836271,0.0,0.0,0,0,0,Normal
2025-01-04 17:30:00,549.7461037830681,549.7461037830681,0.0,230,0,0,Normal
2025-01-04 17:40:00,639.5231877252031,0.0,639.5231877252031,230,0,230,Normal
2025-01-04 17:50:00,663.235519124524,0.0,0.0,0,0,0,Normal
2025-01-04 18:00:00,607.6390901140498,607.6390901140498,607.6390901140498,230,0,230,Normal
2025-01-04 18:10:00,0.0,0.0,0.0,230,0,230,Open Circuit
2025-01-04 18:20:00,522.0638831564354,0.0,522.0638831564354,230,230,0,Normal
2025-01-04 18:30:00,561.7981173988496,561.7981173988496,0.0,230,0,0,Normal
2025-01-04 18:40:00,505.042903659648,0.0,505.042903659648,0,0,0,Normal
2025-01-04 18:50:00,680.9042067721076,680.9042067721076,0.0,230,230,0,Normal
2025-01-04 19:00:00,611.3158048359603,611.3158048359603,611.3158048359603,230,0,230,Normal
2025-01-04 19:10:00,590.2945185467064,0.0,590.2945185467064,230,230,230,Normal
2025-01-04 19:20:00,519.1148254386957,519.1148254386957,0.0,230,0,0,Normal
2025-01-04 19:30:00,0.0,0.0,0.0,230,0,0,Open Circuit
2025-01-04 19:40:00,589.555707305376,0.0,0.0,230,230,0,Normal
2025-01-04 19:50:00,669.7377456536262,0.0,669.7377456536262,230,230,230,Normal
2025-01-04 20:00:00,529.5135432510914,0.0,529.5135432510914,230,0,230,Normal
2025-01-04 20:10:00,610.8810314390588,0.0,0.0,230,0,0,Normal
2025-01-04 20:20:00,614.0372579331881,0.0,0.0,230,0,0,Normal
2025-01-04 20:30:00,538.1134828530244,0.0,538.1134828530244,230,0,0,Normal
2025-01-04 20:40:00,636.7011044378556,0.0,636.7011044378556,0,0,0,Normal
2025-01-04 20:50:00,561.0062298148396,0.0,0.0,230,0,230,Normal
2025-01-04 21:00:00,616.7410597199823,616.7410597199823,616.7410597199823,230,230,0,Normal
2025-01-04 21:10:00,584.4308029373718,0.0,584.4308029373718,230,0,230,Normal
2025-01-04 21:20:00,686.2051438063372,0.0,0.0,230,0,0,Normal
2025-01-04 21:30:00,552.1685182256633,0.0,552.1685182256633,230,230,230,Normal
2025-01-04 21:40:00,636.8688079547185,636.8688079547185,636.8688079547185,230,230,0,Normal
2025-01-04 21:50:00,500.70634952996414,500.70634952996414,500.70634952996414,230,230,230,Normal
2025-01-04 22:00:00,577.2254837910525,577.2254837910525,0.0,230,230,0,Normal
2025-01-04 22:10:00,630.8990822301855,0.0,0.0,230,0,0,Normal
2025-01-04 22:20:00,692.2739365461579,692.2739365461579,0.0,230,0,0,Normal
2025-01-04 22:30:00,563.5050887209579,563.5050887209579,563.5050887209579,230,0,0,Normal
2025-01-04 22:40:00,538.3684448440719,538.3684448440719,0.0,230,230,0,Normal
2025-01-04 22:50:00,549.8462161786019,0.0,0.0,230,230,230,Normal
2025-01-04 23:00:00,518.1708483154686,518.1708483154686,518.1708483154686,230,0,230,Normal
2025-01-04 23:10:00,0.0,0.0,0.0,0,0,0,Open Circuit
2025-01-04 23:20:00,663.9778337653281,663.9778337653281,0.0,230,0,230,Normal
2025-01-04 23:30:00,610.7560594510602,610.7560594510602,610.7560594510602,230,0,230,Normal
2025-01-04 23:40:00,687.2443257715786,687.2443257715786,0.0,230,0,0,Normal
2025-01-04 23:50:00,605.3008323448523,0.0,0.0,0,0,0,Normal
2025-01-05 00:00:00,698.362932161878,698.362932161878,698.362932161878,230,230,230,Normal
2025-01-05 00:10:00,655.3259980552132,655.3259980552132,655.3259980552132,230,0,230,Normal
2025-01-05 00:20:00,578.7019972977596,578.7019972977596,0.0,230,230,230,Normal
2025-01-05 00:30:00,581.6469699869798,0.0,0.0,230,0,230,Normal
2025-01-05 00:40:00,620.2889336922259,0.0,620.2889336922259,230,0,230,Normal
2025-01-05 00:50:00,0.0,0.0,0.0,0,0,0,Open Circuit
2025-01-05 01:00:00,0.0,0.0,0.0,230,230,0,Open Circuit
2025-01-05 01:10:00,0.0,0.0,0.0,0,0,0,Open Circuit
2025-01-05 01:20:00,594.1063105784278,594.1063105784278,594.1063105784278,230,230,0,Normal
2025-01-05 01:30:00,0.0,0.0,0.0,230,230,230,Open Circuit
2025-01-05 01:40:00,0.0,0.0,0.0,230,230,230,Open Circuit
2025-01-05 01:50:00,510.38561170751046,510.38561170751046,0.0,0,0,0,Normal
2025-01-05 02:00:00,578.3891384363457,578.3891384363457,578.3891384363457,230,0,230,Normal
2025-01-05 02:10:00,575.4149517917712,575.4149517917712,0.0,0,0,0,Normal
2025-01-05 02:20:00,572.3456346011786,0.0,572.3456346011786,230,0,0,Normal
2025-01-05 02:30:00,696.373941592196,696.373941592196,696.373941592196,230,0,0,Normal
2025-01-05 02:40:00,678.0971062831336,678.0971062831336,678.0971062831336,230,230,230,Normal
2025-01-05 02:50:00,612.1983119448173,0.0,612.1983119448173,0,0,0,Normal
2025-01-05 03:00:00,678.4114825933267,0.0,678.4114825933267,230,230,230,Normal
2025-01-05 03:10:00,675.4070851127466,0.0,0.0,230,0,230,Normal
2025-01-05 03:20:00,596.019020211037,0.0,596.019020211037,230,230,230,Normal
2025-01-05 03:30:00,561.2211207372468,561.2211207372468,0.0,230,0,230,Normal
2025-01-05 03:40:00,559.5659723805267,559.5659723805267,559.5659723805267,230,230,230,Normal
2025-01-05 03:50:00,550.9719681756724,0.0,0.0,230,0,0,Normal
2025-01-05 04:00:00,633.9216817303761,0.0,0.0,230,0,230,Normal
2025-01-05 04:10:00,0.0,0.0,0.0,230,230,230,Open Circuit
2025-01-05 04:20:00,628.0103804253686,628.0103804253686,0.0,230,0,230,Normal
2025-01-05 04:30:00,605.1381391081259,0.0,605.1381391081259,230,230,0,Normal
2025-01-05 04:40:00,576.0561242529959,0.0,0.0,230,230,0,Normal
2025-01-05 04:50:00,651.9389548457127,0.0,0.0,230,0,0,Normal
2025-01-05 05:00:00,654.3961641559611,0.0,0.0,230,230,0,Normal
2025-01-05 05:10:00,597.0601560656931,0.0,597.0601560656931,230,230,0,Normal
2025-01-05 05:20:00,0.0,0.0,0.0,230,0,0,Open Circuit
2025-01-05 05:30:00,519.908359750909,519.908359750909,0.0,230,0,230,Normal
2025-01-05 05:40:00,613.714334684618,613.714334684618,613.714334684618,230,0,0,Normal
2025-01-05 05:50:00,628.9926036018305,0.0,0.0,230,0,0,Normal
2025-01-05 06:00:00,682.4472509376587,682.4472509376587,0.0,230,230,0,Normal
2025-01-05 06:10:00,0.0,0.0,0.0,230,230,230,Open Circuit
2025-01-05 06:20:00,602.3063974043338,0.0,602.3063974043338,230,0,230,Normal
2025-01-05 06:30:00,510.9741919899634,510.9741919899634,510.9741919899634,230,230,0,Normal
2025-01-05 06:40:00,648.3088404482604,648.3088404482604,648.3088404482604,230,230,0,Normal
2025-01-05 06:50:00,594.3654423330995,0.0,0.0,230,0,230,Normal
2025-01-05 07:00:00,536.8853400501501,0.0,0.0,230,230,230,Normal
2025-01-05 07:10:00,586.5304447699865,586.5304447699865,586.5304447699865,230,230,0,Normal
2025-01-05 07:20:00,0.0,0.0,0.0,230,0,0,Open Circuit
2025-01-05 07:30:00,695.3727471369625,695.3727471369625,0.0,230,230,230,Normal
2025-01-05 07:40:00,670.7380866692997,0.0,670.7380866692997,230,230,230,Normal
2025-01-05 07:50:00,605.5531329413739,0.0,0.0,0,0,0,Normal
2025-01-05 08:00:00,553.5841528033645,0.0,553.5841528033645,230,230,230,Normal
2025-01-05 08:10:00,645.1510765773036,645.1510765773036,0.0,230,230,0,Normal
2025-01-05 08:20:00,518.8259496955213,0.0,518.8259496955213,230,0,230,Normal
2025-01-05 08:30:00,619.9890327754437,619.9890327754437,619.9890327754437,230,230,230,Normal
2025-01-05 08:40:00,599.0129968427132,0.0,599.0129968427132,0,0,0,Normal
2025-01-05 08:50:00,542.4439063920222,542.4439063920222,542.4439063920222,0,0,0,Normal
2025-01-05 09:00:00,519.5862176285342,0.0,519.5862176285342,0,0,0,Normal
2025-01-05 09:10:00,0.0,0.0,0.0,230,0,0,Open Circuit
2025-01-05 09:20:00,0.0,0.0,0.0,0,0,0,Open Circuit
2025-01-05 09:30:00,686.9843200279684,686.9843200279684,686.9843200279684,230,0,230,Normal
2025-01-05 09:40:00,514.6714283082282,514.6714283082282,514.6714283082282,230,230,0,Normal
2025-01-05 09:50:00,627.3683137752964,0.0,0.0,230,0,230,Normal
2025-01-05 10:00:00,561.283407603221,561.283407603221,561.283407603221,230,0,0,Normal
2025-01-05 10:10:00,0.0,0.0,0.0,0,0,0,Open Circuit
2025-01-05 10:20:00,513.9248632337785,513.9248632337785,0.0,230,0,0,Normal
2025-01-05 10:30:00,690.4828843944322,690.4828843944322,690.4828843944322,0,0,0,Normal
2025-01-05 10:40:00,0.0,0.0,0.0,0,0,0,Open Circuit
2025-01-05 10:50:00,0.0,0.0,0.0,230,0,0,Open Circuit
2025-01-05 11:00:00,641.1866916584029,0.0,641.1866916584029,230,230,0,Normal
2025-01-05 11:10:00,523.1887920644896,0.0,0.0,230,0,0,Normal
2025-01-05 11:20:00,587.1312106054925,587.1312106054925,0.0,230,0,0,Normal
2025-01-05 11:30:00,0.0,0.0,0.0,230,0,230,Open Circuit
2025-01-05 11:40:00,610.116825137198,610.116825137198,610.116825137198,230,0,0,Normal
2025-01-05 11:50:00,504.1368216781276,0.0,0.0,230,0,0,Normal
2025-01-05 12:00:00,634.4644018624367,634.4644018624367,634.4644018624367,0,0,0,Normal
2025-01-05 12:10:00,552.5836504201068,0.0,552.5836504201068,0,0,0,Normal
2025-01-05 12:20:00,524.5902734724581,524.5902734724581,524.5902734724581,230,0,0,Normal
2025-01-05 12:30:00,626.8010346314306,0.0,626.8010346314306,230,230,230,Normal
2025-01-05 12:40:00,651.5038034860612,651.5038034860612,651.5038034860612,230,230,230,Normal
2025-01-05 12:50:00,659.0004964182463,0.0,659.0004964182463,230,0,230,Normal
2025-01-05 13:00:00,0.0,0.0,0.0,230,0,230,Open Circuit
2025-01-05 13:10:00,620.2478280510418,0.0,0.0,230,0,0,Normal
2025-01-05 13:20:00,604.9895841672314,604.9895841672314,0.0,230,230,230,Normal
2025-01-05 13:30:00,506.2394317369578,506.2394317369578,506.2394317369578,230,0,0,Normal
2025-01-05 13:40:00,519.0194583091462,0.0,519.0194583091462,230,0,0,Normal
2025-01-05 13:50:00,526.1804533811969,0.0,526.1804533811969,230,230,230,Normal
2025-01-05 14:00:00,660.9478794493648,0.0,0.0,230,0,230,Normal
2025-01-05 14:10:00,524.1050865170035,0.0,0.0,0,0,0,Normal
2025-01-05 14:20:00,664.3600254641493,0.0,0.0,0,0,0,Normal
2025-01-05 14:30:00,615.7479207565792,0.0,0.0,230,230,230,Normal
2025-01-05 14:40:00,624.4982086999261,624.4982086999261,624.4982086999261,230,0,230,Normal
2025-01-05 14:50:00,649.8537677555939,649.8537677555939,649.8537677555939,230,0,230,Normal
2025-01-05 15:00:00,531.2294474213971,0.0,531.2294474213971,0,0,0,Normal
2025-01-05 15:10:00,0.0,0.0,0.0,230,230,0,Open Circuit
2025-01-05 15:20:00,525.4393243118636,525.4393243118636,0.0,230,0,0,Normal
2025-01-05 15:30:00,549.5447544049081,0.0,0.0,0,0,0,Normal
2025-01-05 15:40:00,637.7939211889538,637.7939211889538,0.0,230,0,0,Normal
2025-01-05 15:50:00,686.3938622240186,0.0,0.0,230,0,0,Normal
2025-01-05 16:00:00,585.9660904473133,585.9660904473133,0.0,230,0,0,Normal
2025-01-05 16:10:00,648.8890769663851,648.8890769663851,648.8890769663851,230,230,230,Normal
2025-01-05 16:20:00,694.8311462807962,0.0,694.8311462807962,230,0,0,Normal
2025-01-05 16:30:00,0.0,0.0,0.0,230,0,230,Open Circuit
2025-01-05 16:40:00,586.4441079233557,586.4441079233557,0.0,230,0,230,Normal
2025-01-05 16:50:00,611.871624855396,611.871624855396,0.0,230,230,230,Normal
2025-01-05 17:00:00,0.0,0.0,0.0,230,0,0,Open Circuit
2025-01-05 17:10:00,612.3182450659375,0.0,612.3182450659375,230,230,230,Normal
2025-01-05 17:20:00,610.5988456801024,610.5988456801024,610.5988456801024,230,230,0,Normal
2025-01-05 17:30:00,515.9019917816307,515.9019917816307,0.0,230,0,230,Normal
2025-01-05 17:40:00,667.6874347543162,0.0,667.6874347543162,230,0,230,Normal
2025-01-05 17:50:00,0.0,0.0,0.0,230,230,230,Open Circuit
2025-01-05 18:00:00,520.2683094068487,520.2683094068487,520.2683094068487,230,0,230,Normal
2025-01-05 18:10:00,0.0,0.0,0.0,0,0,0,Open Circuit
2025-01-05 18:20:00,669.986905215566,0.0,0.0,230,0,230,Normal
2025-01-05 18:30:00,615.9066902707547,615.9066902707547,0.0,230,230,0,Normal
2025-01-05 18:40:00,0.0,0.0,0.0,0,0,0,Open Circuit
2025-01-05 18:50:00,0.0,0.0,0.0,230,230,0,Open Circuit
2025-01-05 19:00:00,645.618894101846,0.0,645.618894101846,230,230,230,Normal
2025-01-05 19:10:00,661.4310651106645,661.4310651106645,0.0,230,230,0,Normal
2025-01-05 19:20:00,525.9035336314508,525.9035336314508,525.9035336314508,230,230,230,Normal
2025-01-05 19:30:00,566.2851888144,566.2851888144,0.0,230,0,230,Normal
2025-01-05 19:40:00,508.1388198079202,508.1388198079202,0.0,0,0,0,Normal
2025-01-05 19:50:00,0.0,0.0,0.0,230,0,0,Open Circuit
2025-01-05 20:00:00,626.8988815811598,0.0,626.8988815811598,230,230,230,Normal
2025-01-05 20:10:00,513.0897988124792,0.0,0.0,230,0,230,Normal
2025-01-05 20:20:00,523.3587490947415,0.0,0.0,230,0,0,Normal
2025-01-05 20:30:00,688.1096474768059,0.0,688.1096474768059,230,0,230,Normal
2025-01-05 20:40:00,567.0460134120462,0.0,567.0460134120462,230,0,230,Normal
2025-01-05 20:50:00,580.4476768076969,0.0,580.4476768076969,230,0,230,Normal
2025-01-05 21:00:00,555.0328079702227,0.0,0.0,230,230,0,Normal
2025-01-05 21:10:00,655.4922225585926,655.4922225585926,655.4922225585926,0,0,0,Normal
2025-01-05 21:20:00,601.0556192338305,601.0556192338305,601.0556192338305,230,230,230,Normal
2025-01-05 21:30:00,632.3119129878726,632.3119129878726,632.3119129878726,0,0,0,Normal
2025-01-05 21:40:00,0.0,0.0,0.0,230,230,0,Open Circuit
2025-01-05 21:50:00,539.1224677030941,0.0,539.1224677030941,230,0,230,Normal
2025-01-05 22:00:00,550.6681818776431,0.0,0.0,230,0,0,Normal
2025-01-05 22:10:00,677.5968217217644,0.0,0.0,230,230,230,Normal
2025-01-05 22:20:00,695.503156726916,0.0,695.503156726916,230,0,0,Normal
2025-01-05 22:30:00,618.1939912433199,0.0,618.1939912433199,230,0,230,Normal
2025-01-05 22:40:00,0.0,0.0,0.0,0,0,0,Open Circuit
2025-01-05 22:50:00,0.0,0.0,0.0,230,230,230,Open Circuit
2025-01-05 23:00:00,0.0,0.0,0.0,230,230,0,Open Circuit
2025-01-05 23:10:00,560.205865584475,560.205865584475,560.205865584475,230,230,230,Normal
2025-01-05 23:20:00,692.5847167070168,692.5847167070168,0.0,230,230,230,Normal
2025-01-05 23:30:00,0.0,0.0,0.0,230,230,230,Open Circuit
2025-01-05 23:40:00,693.2665622252296,693.2665622252296,0.0,0,0,0,Normal
2025-01-05 23:50:00,623.8848272865971,0.0,0.0,0,0,0,Normal
2025-01-06 00:00:00,542.4429991196466,0.0,0.0,230,0,230,Normal
2025-01-06 00:10:00,0.0,0.0,0.0,0,0,0,Open Circuit
2025-01-06 00:20:00,0.0,0.0,0.0,230,230,230,Open Circuit
2025-01-06 00:30:00,679.431393492793,0.0,679.431393492793,230,0,230,Normal
2025-01-06 00:40:00,607.5636590452917,607.5636590452917,0.0,230,0,0,Normal
2025-01-06 00:50:00,525.2581395700719,525.2581395700719,0.0,0,0,0,Normal
2025-01-06 01:00:00,0.0,0.0,0.0,0,0,0,Open Circuit
2025-01-06 01:10:00,575.5729547951219,0.0,0.0,230,230,0,Normal
2025-01-06 01:20:00,606.9586864997162,0.0,0.0,230,0,0,Normal
2025-01-06 01:30:00,648.4748288365535,0.0,0.0,230,230,230,Normal
2025-01-06 01:40:00,0.0,0.0,0.0,0,0,0,Open Circuit
2025-01-06 01:50:00,597.5901671973595,0.0,0.0,230,0,0,Normal
2025-01-06 02:00:00,613.1657923546752,613.1657923546752,613.1657923546752,230,230,0,Normal
2025-01-06 02:10:00,540.5595514605308,540.5595514605308,0.0,0,0,0,Normal
2025-01-06 02:20:00,630.3804307990392,0.0,630.3804307990392,230,0,230,Normal
2025-01-06 02:30:00,620.9619386119518,0.0,620.9619386119518,230,230,230,Normal
2025-01-06 02:40:00,561.5026165838887,561.5026165838887,561.5026165838887,230,0,230,Normal
2025-01-06 02:50:00,502.0789902958106,0.0,502.0789902958106,230,0,0,Normal
2025-01-06 03:00:00,699.970655142561,699.970655142561,0.0,230,230,0,Normal
2025-01-06 03:10:00,683.3481844785321,683.3481844785321,683.3481844785321,0,0,0,Normal
2025-01-06 03:20:00,627.4220329506445,0.0,627.4220329506445,0,0,0,Normal
2025-01-06 03:30:00,0.0,0.0,0.0,230,230,230,Open Circuit
2025-01-06 03:40:00,0.0,0.0,0.0,230,230,0,Open Circuit
2025-01-06 03:50:00,540.9299739234292,540.9299739234292,0.0,230,0,0,Normal
2025-01-06 04:00:00,515.52967441709,515.52967441709,0.0,230,0,230,Normal
2025-01-06 04:10:00,619.2911705036058,0.0,619.2911705036058,230,0,0,Normal
2025-01-06 04:20:00,517.172354866219,0.0,517.172354866219,0,0,0,Normal
2025-01-06 04:30:00,617.5351571001238,617.5351571001238,0.0,0,0,0,Normal
2025-01-06 04:40:00,544.5397546178691,0.0,0.0,230,0,0,Normal
2025-01-06 04:50:00,0.0,0.0,0.0,0,0,0,Open Circuit
2025-01-06 05:00:00,572.0255469442499,0.0,0.0,230,230,0,Normal
2025-01-06 05:10:00,666.1537269878431,666.1537269878431,666.1537269878431,230,230,230,Normal
2025-01-06 05:20:00,606.2626613626593,606.2626613626593,606.2626613626593,230,0,0,Normal
2025-01-06 05:30:00,529.2686091565892,529.2686091565892,529.2686091565892,230,0,0,Normal
2025-01-06 05:40:00,533.0944426223163,0.0,533.0944426223163,0,0,0,Normal
2025-01-06 05:50:00,673.7087530337305,673.7087530337305,673.7087530337305,230,230,0,Normal
2025-01-06 06:00:00,696.6578210983533,696.6578210983533,0.0,230,0,230,Normal
2025-01-06 06:10:00,515.9897423829965,0.0,0.0,230,0,230,Normal
2025-01-06 06:20:00,587.00743164993,587.00743164993,587.00743164993,0,0,0,Normal
2025-01-06 06:30:00,648.2441429931232,0.0,0.0,230,230,230,Normal
2025-01-06 06:40:00,677.4167334105202,0.0,0.0,230,0,230,Normal
2025-01-06 06:50:00,692.3814968049736,0.0,692.3814968049736,230,0,0,Normal
2025-01-06 07:00:00,592.8333839671484,592.8333839671484,592.8333839671484,230,230,230,Normal
2025-01-06 07:10:00,650.0081854993848,0.0,0.0,230,230,230,Normal
2025-01-06 07:20:00,518.7935496218769,0.0,0.0,0,0,0,Normal
2025-01-06 07:30:00,548.0028594016719,548.0028594016719,548.0028594016719,0,0,0,Normal
2025-01-06 07:40:00,0.0,0.0,0.0,230,230,0,Open Circuit
2025-01-06 07:50:00,609.0943738797014,609.0943738797014,609.0943738797014,230,0,0,Normal
2025-01-06 08:00:00,518.8019712347754,518.8019712347754,518.8019712347754,230,0,230,Normal
2025-01-06 08:10:00,0.0,0.0,0.0,230,0,230,Open Circuit
2025-01-06 08:20:00,662.3935432546074,0.0,662.3935432546074,230,230,0,Normal
2025-01-06 08:30:00,670.6377240574101,0.0,0.0,230,0,230,Normal
2025-01-06 08:40:00,650.7923928198982,0.0,0.0,0,0,0,Normal
2025-01-06 08:50:00,0.0,0.0,0.0,230,0,0,Open Circuit
2025-01-06 09:00:00,627.0573303132259,0.0,0.0,230,230,0,Normal
2025-01-06 09:10:00,0.0,0.0,0.0,230,0,0,Open Circuit
2025-01-06 09:20:00,624.7183993160921,624.7183993160921,0.0,230,230,230,Normal
2025-01-06 09:30:00,634.1075568055539,0.0,0.0,0,0,0,Normal
2025-01-06 09:40:00,667.8393653737571,0.0,0.0,230,230,230,Normal
2025-01-06 09:50:00,0.0,0.0,0.0,230,0,0,Open Circuit
2025-01-06 10:00:00,518.8229200741314,518.8229200741314,0.0,230,0,230,Normal
2025-01-06 10:10:00,526.592404255889,526.592404255889,526.592404255889,230,230,0,Normal
2025-01-06 10:20:00,668.0953478851603,0.0,0.0,0,0,0,Normal
2025-01-06 10:30:00,585.6674629834188,0.0,585.6674629834188,230,0,0,Normal
2025-01-06 10:40:00,591.3175492970468,0.0,591.3175492970468,230,230,230,Normal
2025-01-06 10:50:00,0.0,0.0,0.0,0,0,0,Open Circuit
2025-01-06 11:00:00,550.4610898961951,550.4610898961951,0.0,0,0,0,Normal
2025-01-06 11:10:00,0.0,0.0,0.0,230,0,0,Open Circuit
2025-01-06 11:20:00,0.0,0.0,0.0,230,0,230,Open Circuit
2025-01-06 11:30:00,577.7397286547128,577.7397286547128,577.7397286547128,0,0,0,Normal
2025-01-06 11:40:00,513.6946012187586,0.0,513.6946012187586,230,0,230,Normal
2025-01-06 11:50:00,650.9510320003991,0.0,650.9510320003991,230,230,0,Normal
2025-01-06 12:00:00,597.7712037298548,0.0,0.0,0,0,0,Normal
2025-01-06 12:10:00,685.1666730545026,0.0,0.0,230,230,230,Normal
2025-01-06 12:20:00,653.172254512061,653.172254512061,0.0,230,230,0,Normal
2025-01-06 12:30:00,0.0,0.0,0.0,230,230,0,Open Circuit
2025-01-06 12:40:00,551.1621198215573,551.1621198215573,551.1621198215573,230,230,0,Normal
2025-01-06 12:50:00,598.843207974634,0.0,598.843207974634,230,0,230,Normal
2025-01-06 13:00:00,0.0,0.0,0.0,230,0,0,Open Circuit
2025-01-06 13:10:00,551.7966430000681,0.0,551.7966430000681,230,230,230,Normal
2025-01-06 13:20:00,699.3433125526274,0.0,699.3433125526274,230,230,230,Normal
2025-01-06 13:30:00,502.6357237813864,502.6357237813864,0.0,0,0,0,Normal
2025-01-06 13:40:00,691.927303249235,0.0,691.927303249235,230,230,0,Normal
2025-01-06 13:50:00,0.0,0.0,0.0,0,0,0,Open Circuit
2025-01-06 14:00:00,542.183680182558,542.183680182558,0.0,230,230,230,Normal
2025-01-06 14:10:00,649.277387403386,0.0,649.277387403386,0,0,0,Normal
2025-01-06 14:20:00,603.8267435130709,0.0,603.8267435130709,230,0,0,Normal
2025-01-06 14:30:00,0.0,0.0,0.0,0,0,0,Open Circuit
2025-01-06 14:40:00,647.9508602209276,647.9508602209276,0.0,230,230,230,Normal
2025-01-06 14:50:00,642.4108819161547,0.0,0.0,230,0,0,Normal
2025-01-06 15:00:00,665.4757172136908,665.4757172136908,0.0,230,0,0,Normal
2025-01-06 15:10:00,0.0,0.0,0.0,230,230,230,Open Circuit
2025-01-06 15:20:00,0.0,0.0,0.0,230,0,0,Open Circuit
2025-01-06 15:30:00,0.0,0.0,0.0,230,230,0,Open Circuit
2025-01-06 15:40:00,511.1309922171952,511.1309922171952,0.0,230,0,0,Normal
2025-01-06 15:50:00,567.5252009886672,567.5252009886672,567.5252009886672,230,0,230,Normal
2025-01-06 16:00:00,575.0378361645772,0.0,575.0378361645772,230,230,0,Normal
2025-01-06 16:10:00,0.0,0.0,0.0,230,0,230,Open Circuit
2025-01-06 16:20:00,686.1882655474985,686.1882655474985,686.1882655474985,230,0,230,Normal
2025-01-06 16:30:00,511.20869103706224,0.0,511.20869103706224,0,0,0,Normal
2025-01-06 16:40:00,537.391975271383,0.0,537.391975271383,230,0,0,Normal
2025-01-06 16:50:00,0.0,0.0,0.0,0,0,0,Open Circuit
2025-01-06 17:00:00,0.0,0.0,0.0,230,230,230,Open Circuit
2025-01-06 17:10:00,568.9390165767097,568.9390165767097,568.9390165767097,230,230,230,Normal
2025-01-06 17:20:00,529.077146878977,0.0,529.077146878977,230,0,0,Normal
2025-01-06 17:30:00,0.0,0.0,0.0,230,230,230,Open Circuit
2025-01-06 17:40:00,502.63740190363785,502.63740190363785,502.63740190363785,230,230,230,Normal
2025-01-06 17:50:00,519.0649417678302,0.0,0.0,230,230,230,Normal
2025-01-06 18:00:00,556.1891788248881,556.1891788248881,0.0,230,0,230,Normal
2025-01-06 18:10:00,578.6659412028926,578.6659412028926,578.6659412028926,230,0,230,Normal
2025-01-06 18:20:00,576.6298949475549,576.6298949475549,576.6298949475549,230,0,0,Normal
2025-01-06 18:30:00,632.2468393911412,632.2468393911412,632.2468393911412,230,230,230,Normal
2025-01-06 18:40:00,542.3020322434227,0.0,0.0,0,0,0,Normal
2025-01-06 18:50:00,532.2666492156012,0.0,532.2666492156012,230,230,230,Normal
2025-01-06 19:00:00,633.5642300894975,0.0,633.5642300894975,230,0,0,Normal
2025-01-06 19:10:00,679.4932643357395,679.4932643357395,0.0,230,0,230,Normal
2025-01-06 19:20:00,643.6702203020633,0.0,643.6702203020633,230,0,230,Normal
2025-01-06 19:30:00,545.9666294323458,0.0,545.9666294323458,0,0,0,Normal
2025-01-06 19:40:00,592.0602229828311,592.0602229828311,592.0602229828311,230,230,230,Normal
2025-01-06 19:50:00,0.0,0.0,0.0,230,230,0,Open Circuit
2025-01-06 20:00:00,506.6008531910856,506.6008531910856,0.0,0,0,0,Normal
2025-01-06 20:10:00,573.9540527053466,573.9540527053466,0.0,230,0,0,Normal
2025-01-06 20:20:00,637.1051129252911,637.1051129252911,637.1051129252911,230,230,230,Normal
2025-01-06 20:30:00,578.3947492857593,578.3947492857593,578.3947492857593,230,230,0,Normal
2025-01-06 20:40:00,519.7868386185125,0.0,0.0,230,230,0,Normal
2025-01-06 20:50:00,666.9127829329644,0.0,0.0,230,230,230,Normal
2025-01-06 21:00:00,0.0,0.0,0.0,230,0,0,Open Circuit
2025-01-06 21:10:00,543.2932507326819,543.2932507326819,0.0,230,0,230,Normal
2025-01-06 21:20:00,0.0,0.0,0.0,230,0,230,Open Circuit
2025-01-06 21:30:00,0.0,0.0,0.0,230,230,0,Open Circuit
2025-01-06 21:40:00,551.6830894421821,551.6830894421821,551.6830894421821,230,0,230,Normal
2025-01-06 21:50:00,0.0,0.0,0.0,230,230,230,Open Circuit
2025-01-06 22:00:00,636.3543325791643,636.3543325791643,636.3543325791643,230,0,0,Normal
2025-01-06 22:10:00,0.0,0.0,0.0,230,230,0,Open Circuit
2025-01-06 22:20:00,577.3697781897918,577.3697781897918,577.3697781897918,230,0,230,Normal
2025-01-06 22:30:00,590.9412369216965,0.0,590.9412369216965,230,230,230,Normal
2025-01-06 22:40:00,552.2196130152082,552.2196130152082,0.0,0,0,0,Normal
2025-01-06 22:50:00,634.289815846301,634.289815846301,0.0,230,0,230,Normal
2025-01-06 23:00:00,552.7988356983905,552.7988356983905,552.7988356983905,230,0,230,Normal
2025-01-06 23:10:00,547.955660331596,547.955660331596,547.955660331596,230,230,230,Normal
2025-01-06 23:20:00,0.0,0.0,0.0,230,230,0,Open Circuit
2025-01-06 23:30:00,634.572457432688,0.0,634.572457432688,230,230,0,Normal
2025-01-06 23:40:00,645.27623320715,0.0,645.27623320715,230,0,0,Normal
2025-01-06 23:50:00,0.0,0.0,0.0,230,230,0,Open Circuit
2025-01-07 00:00:00,682.4079761847212,682.4079761847212,682.4079761847212,230,0,0,Normal
2025-01-07 00:10:00,511.167588054508,511.167588054508,511.167588054508,230,0,0,Normal
2025-01-07 00:20:00,0.0,0.0,0.0,230,230,0,Open Circuit
2025-01-07 00:30:00,633.1840203702793,633.1840203702793,633.1840203702793,230,0,230,Normal
2025-01-07 00:40:00,672.7400498978446,0.0,0.0,230,230,230,Normal
2025-01-07 00:50:00,640.6544619288712,640.6544619288712,640.6544619288712,230,0,230,Normal
2025-01-07 01:00:00,509.9801171713925,0.0,0.0,230,0,230,Normal
2025-01-07 01:10:00,601.1657825166476,601.1657825166476,601.1657825166476,230,0,0,Normal
2025-01-07 01:20:00,600.7299414793995,0.0,0.0,230,0,0,Normal
2025-01-07 01:30:00,582.2186680364223,0.0,0.0,230,0,0,Normal
2025-01-07 01:40:00,530.8673747666096,530.8673747666096,530.8673747666096,230,230,0,Normal
2025-01-07 01:50:00,561.7698787975619,0.0,561.7698787975619,230,0,230,Normal
2025-01-07 02:00:00,692.9570709120751,0.0,0.0,230,230,230,Normal
2025-01-07 02:10:00,663.2201908503262,663.2201908503262,0.0,230,230,230,Normal
2025-01-07 02:20:00,567.4203807764512,567.4203807764512,0.0,230,230,230,Normal
2025-01-07 02:30:00,686.6030252113735,0.0,686.6030252113735,230,230,230,Normal
2025-01-07 02:40:00,645.3752318543668,0.0,645.3752318543668,230,0,0,Normal
2025-01-07 02:50:00,553.5257027393538,0.0,553.5257027393538,0,0,0,Normal
2025-01-07 03:00:00,635.4353616679364,0.0,635.4353616679364,230,230,0,Normal
2025-01-07 03:10:00,619.3609905231282,619.3609905231282,619.3609905231282,230,230,0,Normal
2025-01-07 03:20:00,667.5847846945794,667.5847846945794,667.5847846945794,230,0,0,Normal
2025-01-07 03:30:00,653.4607084466141,0.0,0.0,230,230,230,Normal
2025-01-07 03:40:00,0.0,0.0,0.0,0,0,0,Open Circuit
2025-01-07 03:50:00,634.8505964017144,0.0,0.0,230,0,0,Normal
2025-01-07 04:00:00,600.5249387215033,0.0,0.0,230,230,230,Normal
2025-01-07 04:10:00,528.682600054705,528.682600054705,528.682600054705,230,230,230,Normal
2025-01-07 04:20:00,646.7060647107018,646.7060647107018,646.7060647107018,230,230,0,Normal
2025-01-07 04:30:00,608.2553156752499,608.2553156752499,0.0,230,230,0,Normal
2025-01-07 04:40:00,669.9586709577131,669.9586709577131,0.0,0,0,0,Normal
2025-01-07 04:50:00,0.0,0.0,0.0,230,0,0,Open Circuit
2025-01-07 05:00:00,613.9496018066842,0.0,0.0,230,230,230,Normal
2025-01-07 05:10:00,605.4069358308548,0.0,0.0,230,0,0,Normal
2025-01-07 05:20:00,0.0,0.0,0.0,230,0,0,Open Circuit
2025-01-07 05:30:00,522.7107188401603,0.0,522.7107188401603,230,0,0,Normal
2025-01-07 05:40:00,0.0,0.0,0.0,230,0,0,Open Circuit
2025-01-07 05:50:00,0.0,0.0,0.0,230,230,0,Open Circuit
2025-01-07 06:00:00,581.0989288549852,581.0989288549852,581.0989288549852,230,230,0,Normal
2025-01-07 06:10:00,695.149706796652,0.0,695.149706796652,230,230,0,Normal
2025-01-07 06:20:00,576.3587329524505,576.3587329524505,576.3587329524505,230,230,0,Normal
2025-01-07 06:30:00,671.0597183290669,671.0597183290669,671.0597183290669,230,0,0,Normal
2025-01-07 06:40:00,566.4802708114506,0.0,566.4802708114506,230,230,0,Normal
2025-01-07 06:50:00,542.5451714092014,0.0,542.5451714092014,230,0,0,Normal
2025-01-07 07:00:00,611.8502417212044,0.0,0.0,230,230,230,Normal
2025-01-07 07:10:00,527.634404976281,0.0,0.0,230,0,0,Normal
2025-01-07 07:20:00,620.4993941317015,620.4993941317015,0.0,230,230,0,Normal
2025-01-07 07:30:00,629.4215896808677,629.4215896808677,0.0,230,0,0,Normal
2025-01-07 07:40:00,616.8470096870392,616.8470096870392,0.0,0,0,0,Normal
2025-01-07 07:50:00,637.936894977001,637.936894977001,0.0,230,230,0,Normal
2025-01-07 08:00:00,564.0251448593251,564.0251448593251,564.0251448593251,230,0,230,Normal
2025-01-07 08:10:00,512.7234778076534,0.0,512.7234778076534,230,0,0,Normal
2025-01-07 08:20:00,0.0,0.0,0.0,230,0,230,Open Circuit
2025-01-07 08:30:00,641.7432545351149,641.7432545351149,0.0,230,0,0,Normal
2025-01-07 08:40:00,558.1685356387356,0.0,558.1685356387356,230,230,230,Normal
2025-01-07 08:50:00,515.4852149690748,515.4852149690748,0.0,230,0,0,Normal
2025-01-07 09:00:00,596.8818463397196,0.0,596.8818463397196,230,0,230,Normal
2025-01-07 09:10:00,660.2951350058871,0.0,0.0,230,230,0,Normal
2025-01-07 09:20:00,0.0,0.0,0.0,0,0,0,Open Circuit
2025-01-07 09:30:00,550.1710474656076,550.1710474656076,550.1710474656076,230,230,230,Normal
2025-01-07 09:40:00,0.0,0.0,0.0,230,0,0,Open Circuit
2025-01-07 09:50:00,660.7228569607273,0.0,0.0,230,0,230,Normal
2025-01-07 10:00:00,509.22630975004193,509.22630975004193,0.0,0,0,0,Normal
2025-01-07 10:10:00,652.2741324004483,652.2741324004483,0.0,230,230,0,Normal
2025-01-07 10:20:00,520.1729177376956,0.0,0.0,230,0,230,Normal
2025-01-07 10:30:00,623.2873487119261,0.0,623.2873487119261,230,0,230,Normal
2025-01-07 10:40:00,0.0,0.0,0.0,230,230,0,Open Circuit
2025-01-07 10:50:00,639.4658938625886,0.0,0.0,230,230,0,Normal
2025-01-07 11:00:00,559.1468472170503,0.0,0.0,230,230,0,Normal
2025-01-07 11:10:00,681.045306536548,0.0,681.045306536548,230,230,230,Normal
2025-01-07 11:20:00,648.0465476478448,0.0,648.0465476478448,230,230,230,Normal
2025-01-07 11:30:00,0.0,0.0,0.0,230,230,0,Open Circuit
2025-01-07 11:40:00,530.0238486337828,530.0238486337828,0.0,0,0,0,Normal
2025-01-07 11:50:00,598.5068656935423,598.5068656935423,598.5068656935423,0,0,0,Normal
2025-01-07 12:00:00,0.0,0.0,0.0,230,0,230,Open Circuit
2025-01-07 12:10:00,673.3835488910807,0.0,673.3835488910807,230,230,230,Normal
2025-01-07 12:20:00,588.8329039816042,0.0,588.8329039816042,230,230,0,Normal
2025-01-07 12:30:00,648.048638353335,0.0,0.0,230,0,0,Normal
2025-01-07 12:40:00,671.4806668890136,671.4806668890136,671.4806668890136,230,0,0,Normal
2025-01-07 12:50:00,611.4972763275703,0.0,0.0,230,0,0,Normal
2025-01-07 13:00:00,0.0,0.0,0.0,230,0,0,Open Circuit
2025-01-07 13:10:00,574.8505206951114,0.0,574.8505206951114,230,0,0,Normal
2025-01-07 13:20:00,500.0653923000775,500.0653923000775,500.0653923000775,230,230,0,Normal
2025-01-07 13:30:00,534.4521079778724,534.4521079778724,0.0,230,230,0,Normal
2025-01-07 13:40:00,585.6917980480223,585.6917980480223,585.6917980480223,230,0,230,Normal
2025-01-07 13:50:00,560.8364411870632,560.8364411870632,560.8364411870632,230,230,230,Normal
2025-01-07 14:00:00,548.5261139239177,0.0,0.0,230,230,0,Normal
2025-01-07 14:10:00,543.5388341715329,543.5388341715329,543.5388341715329,0,0,0,Normal
2025-01-07 14:20:00,0.0,0.0,0.0,230,0,230,Open Circuit
2025-01-07 14:30:00,616.7801322797303,616.7801322797303,616.7801322797303,230,230,230,Normal
2025-01-07 14:40:00,660.2461445013507,660.2461445013507,0.0,230,0,0,Normal
2025-01-07 14:50:00,650.7929888450237,0.0,0.0,0,0,0,Normal
2025-01-07 15:00:00,513.8669327659089,0.0,0.0,0,0,0,Normal
2025-01-07 15:10:00,687.5118529341156,0.0,687.5118529341156,230,0,230,Normal
2025-01-07 15:20:00,0.0,0.0,0.0,230,230,0,Open Circuit
2025-01-07 15:30:00,597.097800163805,0.0,597.097800163805,0,0,0,Normal
2025-01-07 15:40:00,663.447627847869,663.447627847869,663.447627847869,230,0,0,Normal
2025-01-07 15:50:00,644.5551734977435,0.0,644.5551734977435,0,0,0,Normal
2025-01-07 16:00:00,505.9180691120848,505.9180691120848,0.0,0,0,0,Normal
2025-01-07 16:10:00,660.8056535656083,0.0,0.0,230,230,0,Normal
2025-01-07 16:20:00,554.8584918159332,554.8584918159332,554.8584918159332,230,230,230,Normal
2025-01-07 16:30:00,0.0,0.0,0.0,230,230,230,Open Circuit
2025-01-07 16:40:00,0.0,0.0,0.0,230,0,0,Open Circuit
2025-01-07 16:50:00,0.0,0.0,0.0,230,0,230,Open Circuit
2025-01-07 17:00:00,0.0,0.0,0.0,0,0,0,Open Circuit
2025-01-07 17:10:00,586.2649690524546,586.2649690524546,0.0,230,0,230,Normal
2025-01-07 17:20:00,0.0,0.0,0.0,230,0,0,Open Circuit
2025-01-07 17:30:00,578.1567448124653,0.0,0.0,230,230,230,Normal
2025-01-07 17:40:00,0.0,0.0,0.0,230,230,0,Open Circuit
2025-01-07 17:50:00,522.2142161305542,0.0,0.0,230,230,230,Normal
2025-01-07 18:00:00,0.0,0.0,0.0,230,230,230,Open Circuit
2025-01-07 18:10:00,0.0,0.0,0.0,230,230,230,Open Circuit
2025-01-07 18:20:00,0.0,0.0,0.0,230,230,0,Open Circuit
2025-01-07 18:30:00,630.962431196991,630.962431196991,630.962431196991,230,0,230,Normal
2025-01-07 18:40:00,664.8481314470894,0.0,0.0,0,0,0,Normal
2025-01-07 18:50:00,593.9977251574854,0.0,0.0,230,0,230,Normal
2025-01-07 19:00:00,676.2413116300438,0.0,676.2413116300438,230,0,0,Normal
2025-01-07 19:10:00,581.0407788545621,581.0407788545621,0.0,230,230,0,Normal
2025-01-07 19:20:00,585.1890033392182,585.1890033392182,0.0,230,0,230,Normal
2025-01-07 19:30:00,658.5196772237828,0.0,0.0,0,0,0,Normal
2025-01-07 19:40:00,681.8339175172007,0.0,0.0,230,0,230,Normal
2025-01-07 19:50:00,539.4119320425721,539.4119320425721,539.4119320425721,230,230,230,Normal
2025-01-07 20:00:00,0.0,0.0,0.0,230,0,230,Open Circuit
2025-01-07 20:10:00,635.3980750575133,635.3980750575133,635.3980750575133,230,0,230,Normal
2025-01-07 20:20:00,580.3094302828905,0.0,0.0,230,0,230,Normal
2025-01-07 20:30:00,600.5690450240904,600.5690450240904,0.0,230,230,0,Normal
2025-01-07 20:40:00,501.92346127053065,0.0,0.0,230,0,0,Normal
2025-01-07 20:50:00,662.1690223052748,662.1690223052748,0.0,0,0,0,Normal
2025-01-07 21:00:00,0.0,0.0,0.0,0,0,0,Open Circuit
2025-01-07 21:10:00,0.0,0.0,0.0,230,0,0,Open Circuit
2025-01-07 21:20:00,538.5876803411173,0.0,538.5876803411173,230,0,0,Normal
2025-01-07 21:30:00,565.5892534029949,565.5892534029949,565.5892534029949,0,0,0,Normal
2025-01-07 21:40:00,547.4499502492681,0.0,547.4499502492681,230,230,230,Normal
2025-01-07 21:50:00,686.2987720026333,0.0,0.0,230,0,230,Normal
2025-01-07 22:00:00,645.2720324781022,645.2720324781022,0.0,0,0,0,Normal
2025-01-07 22:10:00,539.1021808630317,539.1021808630317,539.1021808630317,230,230,0,Normal
2025-01-07 22:20:00,635.750710375182,635.750710375182,635.750710375182,230,0,0,Normal
2025-01-07 22:30:00,646.8644743086904,646.8644743086904,0.0,230,230,0,Normal
2025-01-07 22:40:00,0.0,0.0,0.0,230,230,230,Open Circuit
2025-01-07 22:50:00,626.5087714085954,626.5087714085954,626.5087714085954,230,230,0,Normal
2025-01-07 23:00:00,603.4477795755689,603.4477795755689,0.0,230,0,230,Normal
2025-01-07 23:10:00,0.0,0.0,0.0,0,0,0,Open Circuit
2025-01-07 23:20:00,0.0,0.0,0.0,230,0,230,Open Circuit
2025-01-07 23:30:00,596.2675175929652,596.2675175929652,596.2675175929652,230,0,230,Normal
2025-01-07 23:40:00,0.0,0.0,0.0,230,0,0,Open Circuit
2025-01-07 23:50:00,697.3571351127796,697.3571351127796,697.3571351127796,230,230,0,Normal
